-0.26787620690499836,1.1514702412860736,0.0717576622258095,1.3258837165674084,-0.3084514805996966,1
-0.3568033676820733,-3.743768022352846,0.1273086431892688,14.01579900519174,1.335789038195951,0
-2.155328611057121,-3.847075751072056,4.645441421641418,14.799991834486622,8.291712435189664,0
2.3539229552463397,-2.017676074269165,5.540953279235661,4.071016740678228,-4.749454027473505,1
-3.7719147461253826,-2.7588925455627185,14.22734085203811,7.611488077961536,10.40630747558341,0
-0.3298198511298037,-4.296669437292735,0.1087811341992859,18.461368253365467,1.4171268741618674,0
1.1601740823319555,-1.1647056445656476,1.346003901314795,1.3565392384830808,-1.351261302370799,1
-1.3116475112184895,-3.523663997678012,1.7204191936856577,12.41620796853219,4.621805112924558,0
-3.469023714176658,-0.5575198571427369,12.034125529520013,0.3108283911084577,1.9340496055525367,0
-3.9096752647443083,-1.060367128551346,15.285560675753477,1.124378447312227,4.145691134045146,0
0.4418467835944988,0.8509633025341972,0.19522858017280387,0.7241385422599076,0.3759953981816874,0
-4.407533161481793,-2.112172563177707,19.42634856956169,4.461272936640684,9.30947061497774,0
-2.7071524262902806,-2.3293987527020144,7.328674259169353,5.4260985490897005,6.306037485174811,0
-4.794942890288804,-1.003728934389563,22.991477321131153,1.0074717737308077,4.8128229177283925,0
-2.003105713908476,-0.6280180199010703,4.0124325010927855,0.39440663332046116,1.2579864841013209,0
-0.6995190130865384,0.41139238183902416,0.4893268496695647,0.16924369183518545,-0.2877767929353545,1
-0.7913378516202674,2.7887182538199813,0.6262155954069804,7.776949499188766,-2.2068183117521274,1
1.5213657481112297,-3.246658091176924,2.314553739526042,10.540788761004587,-4.9393544157447575,1
-0.9692301487881186,-0.69219753966666,0.9394070813198386,0.47913743392057734,0.6708987243618865,0
1.5387764887934785,-0.7019397174624227,2.3678330824635863,0.49271936695122576,-1.080128333781513,1
-2.4260707688801784,0.5576798054118615,5.88581937561486,0.3110067653642117,-1.352970674304503,1
-2.653933979347506,-1.776767233388182,7.043365566735289,3.1569018016418946,4.7154229340801574,0
-2.7503389045183404,-2.5960846765130414,7.564364089707145,6.739655647625823,7.140112685237728,0
-2.7383643498484336,2.5464040251618716,7.498639312520834,6.484173459360582,-6.972982002813823,1
-0.1864997167563529,0.4966557672958949,0.03478214435019986,0.2466669511882741,-0.09262615992609352,1
-1.2664352467090214,-3.741044056872388,1.6038582341069398,13.995410635460216,4.737790053114502,0
0.274804846700343,-1.178856879721519,0.07551770376999901,1.3897035428667561,-0.3239555841135167,1
-1.1921484864588519,-1.1417742522966636,1.4212180137661312,1.3036484432076052,1.3611644467531547,0
1.0237661860247615,0.5485919193727264,1.0480972036476868,0.30095309400105197,0.5616298569802196,0
-4.095251113217641,-3.9731227773804707,16.771081680310328,15.785704604139505,16.270935477017737,0
-0.0842478630171899,3.730615856954606,0.007097702422963193,13.917494672161151,-0.31429641368646816,1
-1.7060293617605937,4.783048173169751,2.910536183189259,22.877549826862495,-8.160020622142964,1
-0.6965376574749136,-3.8701886899335345,0.48516470828064007,14.978360495689447,2.6957321640722087,0
2.1229783495968295,-1.2622793560348753,4.507037072856878,1.5933491726718194,-2.6797917440050685,1
0.2350401986636148,-1.1415988756119868,0.05524389498783151,1.3032479927985525,-0.2683216265180007,1
-3.2623801662334464,-3.8518760111874744,10.64312434903337,14.836948805561528,12.566283901688417,0
-1.074460226884519,-0.9837465952912408,1.154464779156732,0.9677573637471082,1.0569965899734997,0
-2.6138120245259904,-0.8591579928490387,6.832013299556657,0.7381524566763888,2.2456774926764322,0
-0.07392270820026914,1.1577827565085297,0.005464566787662138,1.3404609112684893,-0.0855864368686833,1
-1.2919123804924204,-1.7995450144102598,1.6690375988695925,3.2383622588888223,2.3248544833700255,0
-0.6489014206974293,-3.550798311348876,0.42107305378314214,12.60816864787803,2.3041180688443186,0
-4.162849228294119,0.06247428558143486,17.329313697508944,0.00390303635891068,-0.26007103152090255,1
-2.819014983428615,-2.6393280291223657,7.946845476795035,6.966052445310951,7.440305260279065,0
-3.3449888429481556,-2.1511332885112644,11.18895035944764,4.627374424941286,7.195516849764555,0
-1.77246301028498,0.9028776302111583,3.1416251228284935,0.8151880151357171,-1.6003172023630388,1
-1.1804585810944728,-1.4226623042883793,1.393482461679576,2.023968032043121,1.6793939250968533,0
-1.7858333727636193,0.04453518334585804,3.189200835276284,0.0019833825556491917,-0.07953241668117984,1
-0.969312009315025,-1.8095271370167407,0.9395657714023312,3.2743884596000026,1.7539963850917615,0
-3.87034164706008,0.826584640330557,14.979544464967733,0.6832421676303962,-3.199164958291532,1
-1.3402974293461862,2.3108526924753283,1.7963971991119951,5.340040166320474,-3.0972299233223954,1
-3.5617035926961544,0.18043455941459619,12.685732482224694,0.032556630231139444,-0.642654418513515,1
-2.4106497497695476,1.1343365967722043,5.811232216063982,1.2867195147767465,-2.7344882331633547,1
-1.936192026944469,-3.8985427740136247,3.7488395652033315,15.198635760813849,7.548327435747153,0
-2.6790464025741523,-0.8001774023547109,7.177289627145507,0.6402838752391329,2.1437123911995184,0
-6.311392656264138,-2.221550952485772,39.83367726154489,4.935288634490441,14.021080367035303,0
-2.5161979163412207,1.6614973586117636,6.3312519541999,2.7605734726738675,-4.180656191745362,1
1.4306850039348982,0.22253162096935508,2.0468595804842,0.049520322331248715,0.31837265302218104,0
-0.1555161765594718,-2.5684035506827523,0.024185281171676808,6.596696799159769,0.3994283000639532,0
-1.76890121372355,-1.4473703245547234,3.1290115039126483,2.0948808564016455,2.560255123812299,0
1.7702293990670315,0.7141124116039659,3.1337121253212232,0.509956536406832,1.2641427852599971,0
-4.706663189877601,0.4315379767792251,22.15267838294879,0.18622502540270705,-2.0311039103410335,1
-5.472020178045573,-1.886840465703674,29.9430048289379,3.560166943016857,10.32482910108341,0
0.09149692290967693,-0.15801601984055313,0.008371686901939361,0.024969062526250082,-0.01445797958584507,1
-2.3996353469372815,1.1849243255866635,5.758249798270808,1.4040456573670093,-2.8433862951235778,1
-1.4768893414669297,-2.546651347967718,2.1812021269386213,6.485433088105795,3.761122232245912,0
-0.14378001290923248,-5.100371454374209,0.020672692112179057,26.013788972595286,0.7333314735518046,0
1.7705441407259528,-0.21199210703053473,3.1348265542590026,0.044940653443245694,-0.3753413829830623,1
-0.5083893547567273,0.5368773754338447,0.25845973602996153,0.28823731625273347,-0.27294274248029754,1
-0.6056315650592026,-4.307457839050279,0.3667895925960591,18.554193035195702,2.608732432490551,0
-3.122553728733477,-2.3514920960196033,9.75034178882734,5.529515077642667,7.342660412513312,0
-4.3164924694528715,-3.016585091478135,18.63210723884335,9.099785614128148,13.02106683082917,0
-5.780662298535065,-3.3889935956221073,33.4160566097047,11.485277591167659,19.590627508189506,0
0.2614747948314009,-2.443047858133019,0.0683690683321232,5.968482837128331,-0.6387954374686245,1
-2.7265288780345314,-1.4873863008628374,7.43395972275624,2.212318007994435,4.055401702095484,0
0.9380702428030061,-2.1751490865967336,0.8799757804324908,4.731273548922604,-2.0404426317965347,1
-3.340510598352798,-0.8126850478521863,11.15901105770737,0.6604569870025103,2.7147830154730794,0
-1.3905441549267994,-1.113158965031617,1.9336130468010866,1.2391228814302606,1.5478966923290804,0
1.6125851931426847,-1.5319416840870783,2.6004310051430295,2.346845323443554,-2.470386476516891,1
-0.2913033423044914,0.920584704264942,0.0848576372377677,0.8474761977265707,-0.26816940122676935,1
0.8170560331554464,-0.07624536578164787,0.6675805613157139,0.005813355803177279,-0.06229673611203922,1
-3.1036763505640397,-1.924257112588889,9.632806889050515,3.7027654353489283,5.97227129274678,0
2.244666186203645,3.0217700112362067,5.038526287486016,9.131094000806465,6.782864966706121,0
-5.6341660135966665,-1.9043913859673673,31.743826668767753,3.6267065509467105,10.729657223403592,0
1.879111304104157,-4.301110881804304,3.5310592932120253,18.499554817575397,-8.082266078203865,1
1.602031253051984,2.5869372064008616,2.5665041357553102,6.692244109861094,4.144354254337172,0
-2.802338998285305,-3.4327028382949383,7.853103861310686,11.783448776038124,9.619597033278561,0
1.9748657593956196,-4.746063469880449,3.900094767633237,22.525118460133644,-9.372838238585262,1
0.8807450672323092,-2.6989644604649836,0.7757118734540448,7.28440915885304,-2.377099635189845,1
-0.22308456979963875,-1.9051993217509546,0.0497667252826899,3.6297844556002974,0.4250205710753753,0
0.6696183733108487,0.9111195281474336,0.44838876587546717,0.830138794571602,0.6101023763298326,0
-0.1624680896885734,-0.5766371771439642,0.026395880167054332,0.3325104340645596,0.09368514061399137,0
2.07734323532216,-0.5664582439184053,4.315354917338738,0.3208749421031235,-1.176728201096369,1
2.000386525357069,2.832707385205862,4.0015462508301285,8.024231130199832,5.6665096836452635,0
-0.2562204908564446,-3.8422967867824176,0.06564893993471742,14.763244597718492,0.9844751687255309,0
-5.128642406823703,-1.0169496290380677,26.302972937070425,1.0341865480006636,5.215570993088267,0
3.1222692245758346,-1.6801791214482327,9.748565110733383,2.823001880150555,-5.24597156267268,1
0.2403471790926237,-1.4133702587961279,0.05776676649778174,1.9976154884494335,-0.33969955471506086,1
-2.2745979836052443,-3.0101613234325337,5.173795987021044,9.061071193089102,6.846906876606135,0
-4.040987817360529,3.63322059258624,16.32958254005621,13.200291874392711,-14.681800152424398,1
-2.631717703689847,0.23612424450198422,6.925938071914561,0.055754658841632825,-0.6214123545262619,1
-1.2767118840810108,0.37637717558620687,1.6299932349536843,0.1416597783022504,-0.4805252129677556,1
1.7812504648829584,-4.419246204118944,3.172853218645755,19.529737012619698,-7.871784355519118,1
0.0554314782940315,2.0876100939762368,0.0030726487858616855,4.358115904471472,0.11571931361064483,0
-0.8105297873051494,-1.7825526671214522,0.6569585361089306,3.177494011061803,1.4448120341421773,0
0.5790290092259278,-1.3996901967512494,0.3352745935251596,1.9591326468815513,-0.8104612278481199,1
0.2019634369475305,-5.311143385959929,0.04078922986365913,28.2082440662259,-1.0726567723496119,1
-0.943407745995977,2.2474184275833364,0.8900181752052099,5.050889588641156,-2.1202319530762184,1
-1.2603230274098944,0.5126720038551462,1.5884141334196415,0.26283258353685107,-0.6461323319670149,1
-1.6569722122922306,-0.04162660917928407,2.7455569123086088,0.0017327745917648566,0.06897413470202239,0
-1.7642285127803397,-1.823964606055951,3.112502245307129,3.32684688414484,3.2178903643060686,0
-2.198331459533243,1.2907781442804636,4.832661205973559,1.6661082177521171,-2.8375582018496823,1
-0.0012837999588004578,-0.4680894932932461,1.6481423342160571e-06,0.2191077737315279,0.0006009332722047966,0
-4.802450321588175,-0.027090097356477605,23.063529091322366,0.0007338733747834349,0.13009884676147085,0
-0.9138124406882502,-1.112210713392645,0.8350531767566167,1.2370126709853766,1.0163519865649528,0
-3.886622796468502,0.5042938860759367,15.105836762028638,0.25431232353356986,-1.9600001137424252,1
-3.340588021935422,3.2385459408317994,11.159528332298414,10.488179810878124,-10.81864777843029,1
2.0023467659424257,-1.9985603069748386,4.009392571080091,3.994243300615361,-4.001810767211969,1
-1.086866885248288,-0.8115129047582412,1.181279626249315,0.6585531945891583,0.8820065031333801,0
-0.8651347783153022,-0.9756138422249636,0.748458184650667,0.9518223691409562,0.8440374651146341,0
3.628768581875973,-2.477161844527194,13.167961420810162,6.13633080398137,-8.989047073642217,1
1.9348395273354604,2.5439043852570724,3.743603996539708,6.471449521330164,4.922046758357399,0
-1.4913291696558675,-2.0713482970370913,2.2240626922664593,4.290483767638459,3.0890621358884207,0
-2.435581203147792,-1.7743810294234343,5.9320557971268455,3.1484280375777667,4.321649082485746,0
2.078125720597059,-2.757395903251841,4.3186065106070455,7.603232167270037,-5.7302153484166105,1
1.2662134392206816,0.41772888984510126,1.6032964736630668,0.17449742541122074,0.5289339342726029,0
-0.13602099814760393,0.5990107084169116,0.018501711937070474,0.3588138287981303,-0.08147803445997165,1
2.750367130997918,0.3343348083650217,7.564519355273719,0.11177976408447579,0.9195434676756435,0
-1.2133084243976686,2.0701486421196584,1.472117332714353,4.2855154004698655,-2.511728787239176,1
-0.11108065190560812,-1.6198573545145503,0.01233891122777488,2.6239378489748773,0.17993481093357,0
0.10585883852536981,0.18814427158467417,0.01120609369394032,0.03539826693012763,0.01991673406515535,0
0.16422556989339765,-4.88802849940569,0.026970037806811238,23.892822611002245,-0.8027392659700688,1
-0.31538996313069245,-4.215084032642852,0.09947082884357955,17.766933402240728,1.3293951976479996,0
-2.2859657281824486,-3.5558816443063432,5.225639310424713,12.644294268314784,8.128623572357352,0
-2.5586097326565005,-0.42061407470866585,6.546483764044569,0.17691619984302714,1.076187265241901,0
1.35545352332907,-2.580978164227211,1.83725425390519,6.661448284217664,-3.4983959463371685,1
-1.1547803748048466,-0.3028862749436959,1.333517714034422,0.09174009554926815,0.349767126102725,0
-2.7875338272612407,-1.9575804710638065,7.7703448381257,3.8321213006903947,5.4568217826763545,0
0.06560392272986659,-2.8837947192090034,0.0043038746775463065,8.316271982537735,-0.1891882459277848,1
-2.442191961717123,-0.6271505142638917,5.96430157787573,0.3933177675414638,1.5316219447220363,0
-3.9507250614672635,1.4165947763723934,15.608228511305514,2.006740760445551,-5.596576484958028,1
-2.8518455616700398,2.0249747574810715,8.133023107617104,4.100522768435524,-5.774915274616259,1
-5.615845026970886,-1.5465559258443329,31.537715366953634,2.3918352317642215,8.685218405085251,0
-2.8388811795071334,2.9305714820165267,8.059246351359812,8.588249211208542,-8.319544225497046,1
1.320489137861121,-2.3739728709399923,1.7436915632092065,5.635747191959069,-3.134805389653241,1
2.203361460847472,-0.3282088664034948,4.854801727147906,0.10772105998586709,-0.723162767341897,1
-4.103501253062744,-2.261907865223761,16.83872253388751,5.116227190761111,9.281741759258178,0
-3.8730318698727824,0.30281518245341466,15.00037586505026,0.0916970347242948,-1.1728128523234163,1
-2.1247685931733002,2.1169871533108777,4.514641574535646,4.4816346072832935,-4.4981078155063035,1
0.44562982288437913,-3.475078260819051,0.19858593904396313,12.076168918817162,-1.54859850987815,1
2.1065495773862675,-2.0774587832211653,4.437551121986262,4.315834995982764,-4.376269921831935,1
0.08409876907832947,-4.860796803385365,0.0070726029604901855,23.627345563801384,-0.4087870279045879,1
-0.6210420328097055,-4.143843964231747,0.3856932065164113,17.171442799899882,2.5735012791927128,0
0.6265997596479063,-2.394906917917984,0.3926272587908139,5.735579145491418,-1.5006480991465168,1
-1.333559345220453,0.48238821249931596,1.7783805272248034,0.2326983875582852,-0.6432933088026526,1
-0.5861041881855382,-2.0903714479202513,0.3435181194086288,4.369652790280208,1.225175460489527,0
0.32902289627990666,0.33196617181089527,0.10825606627641822,0.11020153922678085,0.10922447131617387,0
-1.3864595460194273,-0.3374162467248121,1.9222700727483966,0.11384972355385925,0.46781397625366206,0
-1.2062605522453014,-1.3797924204897416,1.4550645199031393,1.9038271236409399,1.6643891671238369,0
-0.6152712687506414,0.8448354693184721,0.378558734150024,0.713746970218563,-0.5198029910931199,1
1.0073469116962839,0.2956436217279199,1.0147478005040407,0.0874051510684014,0.2978156893103245,0
0.8850336558913565,-4.327251028959456,0.78328457206042,18.72510146763067,-3.829762798119621,1
-0.5425330236781416,0.006543313582718202,0.29434208178134696,4.2814952641784516e-05,-0.00354996370290636,1
-1.9114381360059505,0.010041300923495866,3.6535957477779024,0.00010082772423619893,-0.019193325520281766,1
-1.934402303136003,1.0976013400700007,3.7419122703778727,1.2047287017234611,-2.1232025601565723,1
-1.795080431024973,-2.1913878789999943,3.222313753848803,4.802180836228094,3.9337174983782113,0
0.5204704141817043,-1.731883915074038,0.27088945203847475,2.9994218952921776,-0.901394338593216,1
0.8337149898530463,0.6995962329094823,0.695080684305665,0.4894348891011385,0.5832638662213584,0
-0.7920777128721215,-0.8775849090271949,0.6273871032287309,0.7701552725522699,0.6951154475933493,0
1.0162239961088742,-1.3930483945837664,1.0327112102674891,1.940583829652409,-1.4156492063169668,1
-3.0151151413268322,-0.3876366370898978,9.090919315458324,0.15026216241436516,1.1687690938227653,0
0.4343110833554742,-3.8438570509511782,0.18862611712540564,14.775237028147089,-1.6694297200621844,1
-1.4592794896912888,-1.9650796331390166,2.1294966290336683,3.861537964577772,2.867600404249849,0
0.847215466014462,-1.331852647026569,0.717774045854102,1.7738314733916787,-1.1283661610132094,1
3.1483921397595616,-1.4380934068974691,9.912373065699791,2.0681126469619695,-4.527681978516041,1
-3.903253964544568,-0.5041424389792143,15.235391511732889,0.2541595987799108,1.9677959736407862,0
2.2901519086707265,-1.7850833737524692,5.244795764788171,3.1865226512474973,-4.088112095535597,1
-0.963074555787035,-4.0098321482554535,0.9275126000043948,16.078753857182946,3.8617673149616936,0
-2.877691009008159,-0.3457882623892842,8.281105543326397,0.11956952240620045,0.9950717736981972,0
0.4993813257657229,-6.0560418349824126,0.2493817085235311,36.67564270705714,-3.0242742004461984,1
-4.538100015714603,-1.0857190050251362,20.59435175262888,1.1787857578727716,4.927101433766214,0
-2.987536189881361,-2.3566391314024537,8.925372485850838,5.553747995657312,7.040544691555406,0
0.669137928779034,1.620281179085528,0.44774556773069557,2.625311099298789,1.0841915922129413,0
-2.8381625067796756,-3.2924371157183514,8.055166414889893,10.840142160959777,9.344471577761642,0
-1.1563779844229234,-2.4728823339779122,1.337210042858023,6.115147037700047,2.8595866890804325,0
0.5751160260504269,-1.668140361736808,0.3307584434200353,2.782692266455409,-0.9593742557363946,1
-1.374974340741333,-1.4066739633351482,1.8905544376970636,1.9787316391250138,1.9341406053747434,0
-1.3797768256595955,0.8162055308582616,1.9037840886272697,0.6661914686036167,-1.1261814764534173,1
0.003821415474403178,0.3024219653580775,1.4603216228008067e-05,0.09145904513104225,0.0011556799782187794,0
-1.536969075622938,1.3410102498292864,2.3622739394212284,1.798308490147205,-2.0610912840810034,1
-1.42306456594454,1.2482518327233771,2.025112758846922,1.55813263789727,-1.7763429525239693,1
-0.5732447355252916,-1.6205885142317542,0.3286095268074616,2.6263071324598846,0.9289938342361073,0
0.6228956701822128,-2.1363249850965156,0.38799901593174807,4.563884441947628,-1.3307075833186999,1
-3.592041781676021,1.7711096155012682,12.902764161306242,3.13682927012105,-6.361899738808708,1
-1.3895400903693478,-1.4701363333727713,1.9308216627436552,2.161300838702736,2.042813373530062,0
-0.8788208780481659,2.6976152932769435,0.7723261356933493,7.27712827052165,-2.370720640673804,1
-2.864049650914846,-6.9723056834902115,8.202780402905452,48.613046544029906,19.969029658871737,0
-5.860976821632022,-2.00363701351507,34.351049303707796,4.014561281927588,11.74327009517583,0
-0.5112291131052878,-1.7966908094362477,0.2613552060864192,3.228097864712679,0.9185206490325146,0
-0.4038525099310998,-1.9227465853271757,0.16309684977764904,3.696954431387314,0.7765060344458314,0
-4.809244438793645,-0.5840549903199175,23.1288320720676,0.3411202317175989,2.808863214145739,0
1.2244801667402543,-2.7265056391676845,1.499351678740241,7.433833000413184,-3.33855207966629,1
-3.0909574126209476,-1.4486728651288852,9.554017726636383,2.098653070160733,4.477786130932953,0
0.643587676928391,1.9218791880176735,0.41420509789408305,3.693619613335472,1.236897761953317,0
1.0888981359450844,-1.6814671955845828,1.1856991504646797,2.8273319298270816,-1.8309464949248608,1
0.158559833012049,-0.5566284997632488,0.02514122064480887,0.30983528674868505,-0.0882589219722081,1
0.9902281762246816,2.130429956513324,0.9805518409892591,4.538731799609364,2.1096117704126165,0
4.051709671029752,0.19278231993454953,16.416351258316023,0.03716502287934701,0.7810979900823661,0
-0.20976190459319388,1.5018296542026537,0.044000056618564175,2.255492310242462,-0.3150266486400864,1
0.11844707511588237,-0.49409843353272864,0.014029709603507481,0.24413326201949626,-0.05852451427129092,1
0.6502687996197125,-4.972288214116395,0.4228495117588618,24.723650084240806,-3.233323888356712,1
-2.3793980299300106,0.6626783654011634,5.661534984834816,0.4391426159707579,-1.576775597112768,1
0.15188663395156188,0.3441966538835144,0.02306954957313575,0.1184713365446078,0.05227887117575779,0
2.428437124188532,-2.1380982052581095,5.897306866137068,4.571463935327949,-5.192237056809665,1
-2.4321689756328055,-3.395996976207501,5.91544592603073,11.532795462410489,8.259638486874703,0
-2.246805135716586,-1.8154007289053795,5.048133317882427,3.2956798065101833,4.07885168108824,0
0.018156524576039113,0.14652709551443954,0.0003296593846803123,0.021470189719897687,0.002660422810763552,0
2.563386644606643,1.5285593462807765,6.570951089747704,2.336493675102315,3.9182886137448034,0
0.4053090020311729,1.7514867422261324,0.16427538712750533,3.0677058081939106,0.709893343562504,0
1.2058547607004906,3.449335402191717,1.4540857039040374,11.897914716813093,4.159397515985623,0
-2.725805306300142,0.3620178900858164,7.430014567854011,0.13105695274218626,-0.9867902857715,1
-2.2405268528188476,-0.8354317688064038,5.01996057820233,0.6979462403309965,1.8718073117086949,0
-1.6363156666949195,2.150667708093399,2.6775289610712387,4.625371590635713,-3.5191712646080844,1
-0.09195268090484354,-2.49517975264275,0.008455295525587977,6.225921997998336,0.22943846759498523,0
-3.351047351867546,-2.1229030903116035,11.229518354458493,4.506717530854556,7.113948779060129,0
0.8447430464750056,-3.80357251835282,0.7135908145678735,14.467163902368815,-3.2130414366419706,1
-1.68384356903121,-1.5416615575454387,2.8353291649677628,2.376720358013428,2.5959168992955255,0
-3.6784121035583945,-4.3499872528220696,13.530715603604893,18.922389099714497,16.00104576110543,0
-3.7827156635386077,-0.5877133289234003,14.308937791180329,0.34540695699422497,2.2231524149889643,0
-1.2493395384612778,-1.5366637732651958,1.5608492823626385,2.361335552065629,1.9198148092613052,0
0.3039834092650262,-2.067750735690421,0.09240591310838842,4.2755931049482765,-0.6285619181454402,1
-2.1349178428797715,-2.1285932997549857,4.557874195846416,4.530909435761818,4.544371815881249,0
-0.2929662788930708,-0.99785307872119,0.08582924056845255,0.9957107667133575,0.2923373033549415,0
-1.7902568568858386,-0.351001861288884,3.205019613626762,0.12320230662826097,0.6283834889521166,0
-0.27414287914702073,0.5197548882523733,0.07515431818701801,0.27014514386223704,-0.14248710151624364,1
-0.7312415328601676,-4.738826165799193,0.5347141793796876,22.456473429663077,3.465226509436872,0
-1.8976537491691585,-2.01076716716167,3.6010897517357634,4.043184600535366,3.815739853470591,0
-1.9170803225218034,-0.7170378292223599,3.675196963000302,0.5141432485359142,1.3746191129059355,0
-1.3825103414605426,-5.715576821167781,1.9113348442453462,32.6678183986704,7.901844062676632,0
0.6605580259710211,-1.1889125950812496,0.43633690567473216,1.4135131587428313,-0.7853457568589541,1
0.15586168528289823,1.9641990128565037,0.024292864939225216,3.8580777621064635,0.30614336837481976,0
0.2290249419981345,-0.782312948296061,0.05245242405724887,0.6120135490716755,-0.17916917760789497,1
-0.1296190444549713,4.500577725798882,0.016801096685419827,20.25519986595704,-0.5833605843133789,1
0.902234861322385,-1.2279522600074446,0.8140277449854232,1.5078667528573908,-1.107901337018326,1
-0.9091943288652438,-2.6729489429437296,0.826634327640721,7.144656051584001,2.430230020270787,0
-1.8271210640434048,2.2207883909323143,3.3383713826711037,4.931901077299737,-4.057649247855491,1
-5.033983838128136,1.4380359181586897,25.34099328253528,2.0679473019145056,-7.239049570658598,1
-0.3348236155408101,-1.5375773802918125,0.1121068535238202,2.364144200385033,0.5148172176430718,0
3.4019172818900403,-0.3504251001900829,11.573041192822119,0.12279775084322962,-1.1921172043446917,1
0.39900829678370364,0.78625330889324,0.15920762090223212,0.6181942657455686,0.3137215936220429,0
2.1697740986907617,-2.338244784272292,4.707919639349307,5.467388671176577,-5.073462969312787,1
-4.935716874637032,-0.28551772460811997,24.361301066576754,0.08152037106539824,1.4092346513562668,0
-1.3094723648566173,0.6784449325142738,1.714717874323182,0.4602875264542976,-0.8884048902044543,1
0.3598611651561914,0.12761730618464195,0.12950005818757165,0.016286176837824653,0.04592451249769968,0
0.4225862685181496,-2.0937140957992417,0.17857915434009367,4.383638714948436,-0.8847748270876532,1
-0.5079810982119256,1.0746355052750332,0.258044796140594,1.1548414691977258,-0.5458945241471389,1
0.06488713966915038,0.6138593578880425,0.00421034089444383,0.3768233112667198,0.03983157789249638,0
-0.6876052045703529,0.6080183498152893,0.47280091735223684,0.3696863137121076,-0.4180765818072704,1
-0.04925128603617612,-1.5643839130926982,0.002425689176217237,2.4472970275432226,0.07704791957412097,0
1.5031435240383217,2.799194063773973,2.259440453858345,7.8354874066674505,4.207590429488361,0
0.004718157190914951,1.3929604712585624,2.2261007278182464e-05,1.940338874488876,0.006572206464128865,0
-0.30168896683356505,-0.6130329031731381,0.09101623270910392,0.3758093403728861,0.18494526319328494,0
-2.917937813270025,-2.3004032155889536,8.514361082111055,5.291854954291997,6.712433528534965,0
-1.2224145400692843,4.219220551796219,1.4942973077728,17.801822064699593,-5.157636550274847,1
-0.5861052684925419,-0.022186108246363023,0.3435193857547146,0.0004922233991193374,0.013003394930539197,0
-1.673521470142382,-1.459073216621456,2.8006741110275195,2.128894651462082,2.441790354525713,0
0.47795882507785525,-1.8760447577430135,0.22844463846980384,3.519543933055042,-0.8966721482043203,1
1.6212959686502542,1.0207511645233298,2.628600617961566,1.041932939875734,1.654939748036727,0
-0.6090110533114849,-0.41377510238182713,0.3708944630555643,0.17120983535109152,0.25199361093562406,0
-2.0849918704019204,-1.5802496147764469,4.347191099642099,2.4971888450011086,3.294807600014658,0
-2.1226182800758426,-3.3069074411592276,4.505508362912129,10.93563682439427,7.019302185123405,0
-1.1140874442561897,-4.651007835321605,1.2411908334492885,21.63187388422296,5.181629432468959,0
-5.5301399860293134,-1.6361654759044786,30.582448265080295,2.677037464541729,9.048224122060038,0
0.882146413413559,0.3660310548801089,0.7781822946984058,0.1339787331366453,0.32289298226046964,0
-1.9187205699295768,1.2010791077735097,3.6814886254708803,1.44259102313001,-2.3045351901976963,1
-1.2899110379050192,-4.691612280137763,1.6638704857092037,22.01122578713946,6.051762465720436,0
-1.7219200143257414,-2.026358063992325,2.9650085357355613,4.106127003506723,3.4892265065787456,0
-2.759412852686822,-1.538717887405699,7.614359291573224,2.3676527370222575,4.2459579151664,0
-3.284828103655655,3.4784697612763633,10.790095670566005,12.09975188011404,-11.426175229556975,1
-1.0085351282828028,0.4000246824588056,1.0171431049804094,0.16001974657626827,-0.403438944439879,1
-1.4066799038672193,-2.680501486167414,1.9787483519438893,7.185088217345714,3.7706075728779163,0
-2.595219081133418,-3.815602574008451,6.735162079078982,14.558823002779919,9.902324606088516,0
-1.8344480327684294,1.5822457202852789,3.3651995849279603,2.503501519361081,-2.9025475489335966,1
-4.589896217602741,0.10733270778823378,21.067147288363945,0.01152031016115438,-0.49264598950227445,1
-0.5491781787242218,-1.8319788989500552,0.3015966719868533,3.3561466861982563,1.0060828351865965,0
-1.4871957358953982,-1.2864449041418708,2.211751156865455,1.6549404913925874,1.9131953759041547,0
-1.2438984072465888,-2.275992538355895,1.5472832475506006,5.18014203465171,2.8311034933660184,0
0.30767832034016296,-2.27824420947503,0.09466594880734394,5.190396678006505,-0.7009663516959797,1
-0.725733701663837,2.0411708210074253,0.5266894057306951,4.166378320532127,-1.481346455657932,1
-0.4688707858692235,0.7299845850372839,0.2198398138416232,0.5328774943920556,-0.3422684460588503,1
-1.8880744438519583,-0.34588765001365496,3.564825105526882,0.11963826643196866,0.6530616324347924,0
-2.9263670113593063,-2.2345371988293254,8.563623885171998,4.993156492952008,6.539075944309369,0
-1.9849908326168488,-0.5772738917757333,3.940188605572931,0.33324514612590106,1.1458833830838815,0
-0.13736238900652264,-0.11638727059664689,0.01886842591357925,0.013545996756937104,0.015987233539104025,0
-1.4597260100038396,0.6174635760743061,2.1308000242817298,0.3812612677784704,-0.9013276422256492,1
1.13863762610469,0.2686949261570575,1.2964956435813237,0.07219696334254658,0.3059461528658469,0
0.14015556102469473,-0.5399264389940764,0.01964358128614693,0.29152055952482414,-0.07567369296928039,1
-0.5547060768041014,-1.8862610173104855,0.3076988316433977,3.5579806254251873,1.0463204487408126,0
2.3681354127382592,3.7267955209072747,5.608065333065006,13.889004854654525,8.825556449094845,0
-1.7290716263738453,-3.48125321216107,2.9896886891310945,12.11912392718177,6.0193361533705145,0
-0.06920571738014891,-1.3063122809828684,0.004789431318101045,1.7064517754466646,0.09040427852791807,0
-2.1082559457663765,1.4504375843977306,4.444743132859279,2.103769186233524,-3.057893661269536,1
1.2226536699103105,-4.535328900133187,1.4948819965451505,20.569208232383307,-5.545136523998134,1
1.0751367589647631,2.063888125550914,1.1559190504772552,4.259634194790066,2.21896199017067,0
-1.4873644547602618,1.0092362860921322,2.212253021284291,1.0185578811650402,-1.5011021783876959,1
-2.2218869548601887,-5.754163055163815,4.936781640177882,33.11039246541217,12.78509982840693,0
-0.43690257630145135,-0.8010960467216834,0.1908838611788455,0.6417548760731097,0.35000092667761135,0
-2.684814578273464,-1.3072238208485072,7.2082293197097185,1.70883411779377,3.509653571280411,0
0.3052514540474689,-2.1371847814448417,0.09317845019809401,4.567558790039436,-0.6523787621041599,1
2.3623169666341446,-2.077203196207393,5.580541450847546,4.314773118334209,-4.907012353547398,1
-2.4724886778575406,0.7795175706312103,6.113200262133729,0.607647642922784,-1.9273483675766832,1
-4.957169378421012,-1.805785336623309,24.573528246354964,3.260860681963757,8.951583774710747,0
-1.913936236689585,0.5164305150533772,3.6631519181134906,0.26670047687829646,-0.9884150764929248,1
0.5969170990282515,-0.6889244629731845,0.3563100231123034,0.4746169156828907,-0.4112307918875494,1
-4.5850335056899,-1.7416407079116425,21.02253224829901,3.0333123554549672,7.985481000648357,0
2.0499968447553,0.2661027489676966,4.202487063506686,0.07081067300816495,0.5455097957644897,0
0.9832535906990891,0.24594492845894855,0.9667876236226519,0.06048890783467732,0.24182623402149175,0
-2.076054116670326,-3.6907795507092747,4.310000695343807,13.621853691933755,7.662258079972646,0
-2.15099247030447,-1.0730837375691855,4.626768607306526,1.1515087078354527,2.308195039517496,0
-1.4837866834332547,1.3480287723723023,2.2016229219338577,1.8171815711435766,-2.0001871413309003,1
-1.1484321857326314,-1.0527789239137217,1.3188964852266292,1.108343462636934,1.209045200683483,0
2.900314094924693,0.23866173260284218,8.41182184921884,0.05695942260899054,0.6921939869871713,0
-2.22288380480133,2.4778661664880386,4.941212409648037,6.139820739026129,-5.508008571951417,1
-4.082732752332886,-1.5269456809201065,16.66870672697166,2.3315631124805676,6.234111142525759,0
-2.5717153149469336,1.2053217947781798,6.613719661132606,1.4528006289672926,-3.09974451907037,1
0.8830508679555595,-3.0030867606651865,0.779778835397067,9.018530092082523,-2.6518783705512425,1
-0.6007449648552723,-0.28746375970212557,0.36089451279896234,0.0826354131420814,0.17269240621941787,0
1.3209546927261138,-2.4630632641932957,1.7449213002351416,6.0666806434185325,-3.2535949773174337,1
0.926332866869978,-0.804603762592375,0.8580925802435523,0.6473872147778069,-0.7453309100965658,1
0.3903896476290589,-2.9758980947557063,0.1524040769759408,8.855969470370642,-1.161759808591668,1
-3.0321955079605907,-0.9709642516436418,9.194209598496384,0.9427715779698973,2.944153442224167,0
-0.7434996588861338,-1.5278271994893937,0.5527917427637973,2.3342559514996037,1.1359390016573212,0
-2.141419145346978,-0.9436569228645516,4.585675956058582,0.8904883880701943,2.0207650012613674,0
1.0972934927145035,0.5338609793462614,1.2040530091535941,0.2850075452685494,0.5858021786508446,0
-1.7951205445389584,-3.4108200312560104,3.2224577694258465,11.633693285617252,6.122833111832676,0
0.9164956225493555,-1.5687927942961162,0.8399642261521306,2.461110831435416,-1.437791728659362,1
-1.6067732036084572,0.015864829659429036,2.581720127834185,0.0002516928201226992,-0.025491183176583262,1
-4.938262209589917,-5.238199669629761,24.38643365066389,27.43873577890934,25.867603474819038,0
0.8900834964044524,1.5361850309184093,0.7922486305715748,2.359864449217794,1.3673329434440396,0
0.14004879320183306,0.27329650018677665,0.0196136644772898,0.07469097701434081,0.03827484503744261,0
-0.0922627212991185,-1.489823221100534,0.008512409741518814,2.2195732301303708,0.13745514463335357,0
0.3818773840036762,-1.2509395211744332,0.1458303364134912,1.5648496856361203,-0.4777055118929039,1
-4.154855923860676,-2.07498817959521,17.262827748040156,4.305575945459844,8.621276929932039,0
0.08061537183563683,-0.26230092208306777,0.0064988381761979875,0.06880177372562758,-0.02114548636655691,1
1.606757996047922,-2.0773916816081925,2.581671257863934,4.315556198814914,-3.337865695347402,1
-0.8333855083640677,-0.3394546543932998,0.6945314055512355,0.11522946238927462,0.28289658971810905,0
-0.25687516758535855,-2.138007119622702,0.06598485172200604,4.571074443557363,0.5492009371517713,0
0.5693063724182816,-0.18318392785512827,0.3241097456760632,0.03355635142443284,-0.10428777745253529,1
-1.304912153868894,-0.2956159318479604,1.702795729314756,0.08738877916233798,0.3857528223456822,0
-0.31864808893074736,0.6778098752247164,0.10153660457921748,0.4594262269521456,-0.2159828213987442,1
-0.1525332433702823,-0.4576209695283108,0.023266390333057767,0.20941695175203115,0.06980241071640636,0
-2.2626096176413526,0.7252019171848234,5.119402281843148,0.5259178206885434,-1.6408488325543291,1
0.7275947668203517,0.5613375264075802,0.529394144704362,0.31509981855338076,0.4084262466340363,0
3.166082218096454,3.8827229956882725,10.024076611746562,15.075537861246513,12.293020234442835,0
-2.3068330676050004,-4.409497585292643,5.321478801795896,19.443668954701646,10.17197484127747,0
1.4750474156430382,-1.239991477305048,2.175764878395206,1.5375788637891554,-1.8290462240182042,1
-3.77331118184283,-0.3179108193745198,14.237877275020136,0.10106728907537857,1.199576449574692,0
-1.1300014612820586,-4.763723460127938,1.2769033024995877,22.693061204573294,5.383014471088194,0
-1.1030603735689204,0.3080697373978032,1.2167421877380062,0.09490696310035142,-0.3398195196193,1
2.4199885812168205,-3.658797339294817,5.8563447332197995,13.386797970030832,-8.854247782079941,1
-3.5807236404216267,-1.8699631414251148,12.821581789074306,3.496762150288484,6.695821227217998,0
0.3270262723020516,-0.35753697973533827,0.10694618277577561,0.12783269187826768,-0.11692398569298185,1
-1.3406580921768287,1.390054669000373,1.7973641201192143,1.9322519828097366,-1.8635880405635332,1
-1.4340630964681622,-2.2297748836076736,2.0565369646518534,4.971896031567614,3.1976378740133566,0
2.2828398858543264,-2.4667935746636402,5.211357944447394,6.08507054000182,-5.63129476241133,1
-3.8558039709682945,-0.5683347644816337,14.867224262534869,0.323004404518394,2.1913874417276133,0
0.014490093465782117,2.109097656684697,0.0002099628086471016,4.44829292543288,0.030561022173823303,0
1.1140906478860035,-2.838518216999304,1.2411979717070551,8.057185668236908,-3.162366599412978,1
0.23007394044307006,-5.674820433573074,0.05293401807100135,32.20358695329849,-1.3056282984590084,1
0.44593242830637525,0.7479824961966741,0.1988557306152205,0.5594778146166076,0.333549650859647,0
-1.7149960889925921,-2.7722337892531,2.9412115852598872,7.685280182276602,4.754370106342181,0
-4.958241047082712,-1.7103695876824143,24.58415428097587,2.925364126468912,8.48042469532888,0
0.8637989242832718,-0.06726057375239813,0.7461485815929375,0.004523984781501789,-0.05809961125399717,1
-2.90789263086824,-3.2759413548265037,8.455839552657814,10.731791760262508,9.526085724856507,0
-1.1336742861626499,0.974237273790411,1.2852173871063937,0.9491382656425723,-1.1044677459173904,1
0.9101368158470657,-1.3769000581794315,0.8283490235602357,1.895853770214522,-1.2531674346910673,1
-3.1125996155961326,-0.9071013559027753,9.688276367009193,0.8228328698806534,2.823443331689709,0
-2.116123496400144,1.6217393939764295,4.477978652016771,2.630038661975037,-3.4318008366312527,1
-1.9947453163538253,2.0383919226881106,3.9790088771155228,4.155041630480133,-4.066072740675578,1
0.4410021554449792,-1.134519153062441,0.19448290110711763,1.2871337086655184,-0.5003253918941488,1
-1.3375942547077626,-0.16250403970676974,1.789158390227215,0.0264075629210194,0.21736446987857733,0
-3.616025369167985,0.8596355422218003,13.075639470466463,0.7389732654509685,-3.1084639289125064,1
1.8811603304520652,-0.5803630526707227,3.5387641888665233,0.3368212729052801,-1.0917559519442261,1
-2.6916847041858927,-2.094000516736708,7.245166546748297,4.3848381640936,5.6363891614575525,0
0.1028216265406594,-1.9328801644375107,0.010572286884466835,3.736025730075978,-0.19874188241564206,1
3.2294570917541323,1.4817536009290522,10.429393107481058,2.195593733866213,4.78525967475255,0
-2.127913775537599,-3.438920620393353,4.528017036122679,11.826175033366605,7.317726561115323,0
-1.9918214885907473,-0.6145662848613488,3.9673528424118603,0.3776917184882805,1.224106332350217,0
-0.28742980962959463,0.20108733628603526,0.08261589546370501,0.04043611681461303,-0.057798494787617394,1
-1.5314693763418705,-3.2102304449216907,2.345398450672958,10.305579509502117,4.9163696173979075,0
0.7060512122624734,-2.4157149837679333,0.4985083143373082,5.835678882800906,-1.7056184927699705,1
-1.5092044429393014,-2.1821447547901327,2.2776980505877273,4.761755730858089,3.293302559065961,0
2.267772438236924,-0.818427675353997,5.142791831627044,0.6698238597853474,-1.8560077248581113,1
-0.7529805444841188,1.295092277292527,0.5669797003716,1.6772640067027438,-0.9751792881129043,1
-1.6842176067612846,-0.8560160482096094,2.836588946924709,0.7327634747923963,1.441717300064841,0
-0.4992466182488987,0.5559492884204369,0.2492471858329616,0.3090796112951901,-0.2775558021617847,1
-0.30755750319249764,-2.121346909961887,0.09459161777000319,4.500112712404847,0.6524361590329981,0
-3.472981303723246,-2.9692189306361865,12.061599136011218,8.8162610580483,10.312041832760606,0
-2.564467950438562,0.10201768625701146,6.57649586882656,0.010407608309234026,-0.2616210867840025,1
-3.7728411756150924,-1.340198960649947,14.234330536416673,1.796133254127198,5.056357822256671,0
-3.7702648477797402,-0.556777368752198,14.214897022403587,0.310001038354621,2.09919814144571,0
-1.2206084634952692,-2.4732132676562757,1.489885021156282,6.116783867311033,3.018825046530041,0
-4.353743231897923,-4.150512812005331,18.95508012929697,17.226756602620405,18.070267064173827,0
-2.3296354505977694,-3.778411220636319,5.427201332681872,14.276391352230439,8.802320726530759,0
-1.6939092927262727,3.181556859739528,2.869328691984421,10.122304051755647,-5.389268730049805,1
-5.42655880742279,-0.7912146871999814,29.447540490417854,0.6260206812409644,4.2935730293873275,0
-1.9574830924154623,-1.8850664925632954,3.831740057092401,3.5534756813848847,3.6899857872715685,0
2.1596500578263838,0.18431437687090635,4.664088372269503,0.0339717895213105,0.3980545546674868,0
1.4924773658061028,1.6705596151584725,2.2274886874435236,2.790769427798424,2.493272413853774,0
-3.6616953654818225,-1.544354707212791,13.408012949591058,2.385031461690305,5.654956474061113,0
-1.5877865446053678,-1.1022499721312375,2.5210661112298536,1.2149550010633139,1.7501376745416206,0
-2.5176988820206265,-0.2570921179020851,6.3388076605279124,0.06609635708737961,0.6472805378183947,0
-0.5153055041857486,-2.1118289296920905,0.2655397626441286,4.459821428284441,1.0882370713690326,0
2.267207951579308,2.8812228933531348,5.140231895704443,8.301445361182209,6.532331454082568,0
-0.8996978869150872,-0.747444433441818,0.8094562877194731,0.5586731810831603,0.6724741773540482,0
-1.0614467913046488,-1.0636365627866409,1.1266692907709346,1.1313227376965798,1.1289936166841856,0
-3.2638890486814987,0.04761800498052993,10.652971722103018,0.0022674743983257728,-0.1554198849760127,1
-0.8357564968166641,0.8834252070756601,0.6984889219712627,0.7804400964966729,-0.7383283562650897,1
1.8672248736177366,-1.0195421186449338,3.4865287286567725,1.0394661316910003,-1.903714403634746,1
-3.7721036135899655,-2.4188969038541135,14.228765671658476,5.851062231475017,9.12432975192968,0
-0.38894065801859734,2.2165105129494282,0.1512748354599395,4.912918854015338,-0.8620910574116893,1
1.6896563296758331,-1.960362873921384,2.8549385124136077,3.8430225974493086,-3.3123395383827736,1
-0.7225312309410316,0.2846044338976741,0.5220513796851622,0.08099968379421554,-0.2056355919553619,1
2.6936827477706684,-3.24236053204774,7.255926745637338,10.512901819780906,-8.733890627229524,1
-2.7115068569224494,1.1578156596753901,7.352269435137461,1.3405371017895589,-3.1394251002620095,1
-3.1743579661769767,-1.3085096836671986,10.076548497431233,1.7121975922508321,4.153678138168687,0
-6.784545025684241,0.1455266115691216,46.03005120553678,0.02117799467479,-0.9873318486259668,1
-0.12921454080878636,1.429549062367466,0.016696397556425515,2.0436105217157015,-0.1847185256574432,1
-2.4273792397949494,-1.6025018079126552,5.892169973787507,2.5680120443633285,3.889879620261053,0
-2.6008560254887625,-5.19749889360194,6.764452065321202,27.013994748993394,13.517946314895783,0
0.5258311988587894,1.0164323638314046,0.2764984496932717,1.0331347502438968,0.5344718484323406,0
-4.356837988890232,-5.051720505507255,18.982037261437085,25.51988006576248,22.00952780764978,0
1.2878022466068861,-1.0855466513798135,1.6584346263657432,1.1784115323219264,-1.3979694164435061,1
-2.0685165405599717,-0.6790058326118473,4.278760678570193,0.46104892072090803,1.4045347958943017,0
1.833203060846809,-0.4513073598933267,3.3606334622981096,0.20367833309388472,-0.8273380335391389,1
-0.30975804436370147,-1.3643564266478927,0.09595004604802485,1.8614684589354067,0.42262037853349915,0
-2.7979244307952005,-2.595442351899094,7.828381120440646,6.736321002031501,7.261851565099029,0
-2.5607526095711552,-0.4854623422245775,6.557453927425481,0.23567368571817282,1.2431489597001122,0
-2.3839068235500234,0.3361202477131171,5.683011743368362,0.1129768209227272,-0.801279352056624,1
-4.254996437421176,-0.6933126681579352,18.1049946824669,0.48068245582827523,2.9500429330309843,0
0.36173735785932726,-2.666771293373361,0.130853916071047,7.1116691311602285,-0.9646708016799804,1
1.7925094526901209,-0.8612312964462863,3.2130901379834365,0.741719345978551,-1.5437652398325359,1
-1.7753570318253011,1.0787817777560331,3.1518925904515434,1.1637701240184672,-1.9152228149441726,1
-6.092338583873631,3.332116747907542,37.11658942055536,11.103002021685935,-20.300383429248644,1
-2.006868698963526,-4.121765386071711,4.027521974879556,16.988949897818884,8.271841937778632,0
0.28097036066395953,-1.037412481583944,0.07894434357163549,1.076224656946157,-0.291482159107934,1
-0.8203966618875886,0.5304217357956684,0.6730506828362984,0.2813472178044899,-0.43515622143938687,1
-2.7282494446202765,0.7472862710071717,7.443345032070847,0.5584367708358041,-2.038783353847674,1
2.0078413280155325,-2.4913978984951437,4.031426798487177,6.2070634886260185,-5.002331665129597,1
-3.183954043659071,-0.8289490681256866,10.137563352132949,0.6871565575464442,2.6393357374461983,0
-1.093408402230352,0.5423470633443301,1.1955419340679314,0.29414033711821885,-0.5930068359856475,1
-2.749481783458144,-1.3273750527738941,7.559650077568176,1.7619245307264981,3.6495935274186144,0
-5.057028969183386,-3.1345447214861073,25.573541995159978,9.825370610996417,15.851483461756112,0
-0.9881229443582705,-3.338769765253365,0.9763869531672578,11.147383545370012,3.299115010976527,0
-2.2677742445731157,-0.2857985924201687,5.142800024349166,0.0816808354293497,0.6481266870257079,0
-3.5424347196240236,-1.277731968903452,12.548843742797734,1.6325989843578923,4.526282089017152,0
1.964300608347906,-2.1703037067236415,3.8584768799559535,4.710218179418378,-4.263128891416964,1
-4.9265686332004055,-1.4144881935597873,24.27107849763411,2.0007768497200304,6.968573166423952,0
-3.3782789394177577,-0.7790709907034875,11.41276859251357,0.6069516085557135,2.6319191202049197,0
-2.8128487863726397,1.2550446626553753,7.912118294998032,1.5751371052597447,-3.530250856193631,1
-1.2602067361285492,1.5732448860252704,1.5881210177837708,2.4750994714046657,-1.9826138029488374,1
-2.854572058460766,-0.9087304710107543,8.148581636944936,0.8257910689434274,2.5940366112191904,0
-0.17530534329989855,-0.6677819112608284,0.030731963389495288,0.44593268100716493,0.11706573720304192,0
-0.754391592400337,1.268721566938607,0.5691066746843163,1.6096544144151541,-0.9571128831954665,1
-1.9972882793140376,0.47876535218981897,3.989160470685229,0.2292162624574414,-0.9562324264703828,1
-3.1199248501322256,0.46260384058659376,9.733931070472591,0.21400231332546665,-1.4432892180127206,1
1.5880902470545135,1.5731760063166833,2.522030632789666,2.474882746850509,2.4983454725316947,0
0.37622052219938373,-1.584748284367917,0.141541881323977,2.5114271248070565,-0.5962148270994753,1
1.3098413930256774,-0.5465242389529135,1.715684474883447,0.29868874376306126,-0.7158600704723823,1
0.6428121841153416,-3.6747604474616837,0.4132075040471358,13.503864346228793,-2.362180789333515,1
0.9512196514098723,0.4985039017321784,0.904818825228319,0.2485061400422054,0.474186707632144,0
-3.7073480567355865,-5.575214373222401,13.74442961378113,31.083015307385654,20.669260172450382,0
-2.5159217233499276,-0.21988768730319785,6.32986211802407,0.04835059502754892,0.5532202091832915,0
6.318711741358265,0.4373902762718054,39.9261180703788,0.19131025377712624,2.763743074234592,0
-0.7639541793051963,0.36048829251039627,0.583625988077876,0.12995180903706102,-0.2753965376539113,1
-1.1898598204468802,4.114189329459348,1.4157663923138821,16.92655383863716,-4.895308576834971,1
-3.0323176450551026,-0.4602381190847482,9.194950300512524,0.21181912625866686,1.3955881694276535,0
1.9379434915894564,-1.325495723334145,3.755624976593934,1.756938912577108,-2.568735810165065,1
-1.3119478753158704,-3.963929702313479,1.7212072275458268,15.712738684883028,5.20046915085164,0
0.9205667541427238,0.5666807147772381,0.8474431488328701,0.3211270325004415,0.5216674262377607,0
-0.43108274019259496,-2.255420956903666,0.18583232889195633,5.086923692840249,0.972273046389837,0
2.3274602988390996,-1.8834595971136705,5.41707144267219,3.54742005395959,-4.3836774367495535,1
-0.44589072837875354,-1.3930669430714666,0.19881854165413537,1.9406355078784807,0.6211556339264999,0
-5.072678877620795,0.01018419295961226,25.732070995460173,0.00010371778623861592,-0.05166114051183952,1
-0.7222450196472905,-1.335202566436368,0.521637868405315,1.7827658934182637,0.9643434038289473,0
-1.139985770689107,-0.8649620229293237,1.2995675573736372,0.7481593011099879,0.9860443983258941,0
0.3253400556715065,-0.6637937697324024,0.10584615182433893,0.4406221687355537,-0.21595870199913897,1
1.439707366780044,-1.1191686327306094,2.072757301960728,1.2525384284881016,-1.6112753252114078,1
-0.7848490870716355,0.8660037904336113,0.6159880894771796,0.7499625650453822,-0.6796822843223957,1
-1.3345849941029124,-5.3193517717197345,1.7811171064846707,28.29550327129788,7.099127052891899,0
-3.0190664998244015,-1.9697942328447664,9.114762530361963,3.880089319748502,5.9469397799289405,0
0.3719198949275029,-0.4071558796013708,0.13832440824288478,0.16577591029396593,-0.15142937196045683,1
1.2119531639971894,0.6126289215205922,1.4688304717227985,0.37531419548348394,0.7424775597930676,0
1.390931167184211,-4.103084285391039,1.9346895118444316,16.83530065302289,-5.707107814134152,1
-0.7736514674722182,-1.0956535990860798,0.5985365931219168,1.20045680919028,0.8476540147741631,0
-2.3557056415133664,-1.2595236595836343,5.549349069457901,1.5863998490509508,2.967066990500728,0
-2.4969071819013777,-4.3704462102151105,6.2345454750306795,19.10080007638362,10.912598530399768,0
0.724387664358279,-2.9927596382530286,0.5247374882744426,8.956610252356398,-2.1679181643398393,1
-1.5876768054776969,-1.637568269389544,2.5207176386518646,2.681629836911466,2.599929158696032,0
-3.853545919427826,-3.9027462122176133,14.849816153138848,15.231427996978928,15.039411740653588,0
-3.0639493194959635,-4.49433942987744,9.387785432439777,20.199086910951078,13.77042823775686,0
-0.875323779140523,1.6904374391435026,0.766191718328847,2.857578735658043,-1.4796800876317184,1
-3.8492765513707683,-1.75575941354592,14.816929968932834,3.082691118255113,6.758403540410802,0
1.3809353262397681,-1.8777278230854164,1.9069823752569348,3.525861777589097,-2.593020683961949,1
-0.6666597730341906,-0.3482663621006207,0.4444352529819985,0.12128945897080064,0.232175173913443,0
-3.016359510889831,1.0797938777892693,9.09842469893554,1.1659548185111874,-3.257046533070274,1
0.9338502618449884,-1.624109490640822,0.8720763115479534,2.63773163758959,-1.5166750730998624,1
-0.21403521715147222,2.805334194261154,0.04581107418107787,7.869899941490878,-0.6004403134511365,1
-0.48759284207140097,-2.290914086428421,0.23774677963926616,5.248287351396168,1.117033310343041,0
-1.2758852751459702,-1.4367301955147296,1.627883235334308,2.064193654703793,1.8331029008148343,0
-0.19306544733846065,-1.0855030351396187,0.037274266955999925,1.1783168392973242,0.20957312906648726,0
-1.4365665959361202,-1.8693223051519752,2.0637235845594923,3.494365880538694,2.685405980619634,0
-3.0934538494401442,-1.000262516906993,9.569456718616047,1.0005251027291124,3.094265933376625,0
-0.017401078656052893,1.6546939898772806,0.00030279753839413954,2.738012200135994,-0.028793460269552547,1
-3.1444057416486366,3.3036012847815854,9.887287468112913,10.913781448810543,-10.38786284798503,1
-1.5893043160572864,-0.19063476743872887,2.525888209038319,0.03634161455641824,0.30297665868094886,0
-4.005799025197733,1.7350682604887204,16.046425830275112,3.010461868555354,-6.950334746517243,1
2.8007234700568144,1.1073761995414864,7.844051955727084,1.226282047310946,3.101454512238159,0
1.2816052502123982,0.08179399648543462,1.6425120173719838,0.0066902578610592905,0.10482761533158745,0
-2.536244387945487,0.5585262811401341,6.4325355953849765,0.31195160672422817,-1.4165591460617284,1
-1.879600187175412,-0.6831284931896104,3.5328968636298437,0.46666453820750764,1.2840084436640489,0
-2.4274791156064923,2.234868351966161,5.892654856705678,4.994636550619945,-5.425096250527756,1
-3.664643222166511,-0.8896580351365563,13.429609945770947,0.791491419483038,3.2602792885091567,0
-2.190583034721449,-1.3468409938077768,4.798654032009433,1.81398066260112,2.950367031502692,0
0.2910020195343981,1.63361168265379,0.0846821753730982,2.6686871297029473,0.47538429878723915,0
0.3489899398160432,-1.3441192008399576,0.12179397809280545,1.8066564260666462,-0.4690840790067249,1
-1.6503677457771573,3.1467933213250143,2.7237136963015756,9.902308207135714,-5.193366200141778,1
2.0392049077976,2.654759735661464,4.158356655985818,7.047749254089327,5.413599081984317,0
0.05433732344039499,-0.4157916099843133,0.002952544718666099,0.1728826629333473,-0.022593003195520198,1
-3.2912118171609546,-3.448209384104243,10.832075225419914,11.890147956624562,11.348787473009182,0
3.246714088121604,-3.043592737157658,10.5411523700073,9.263456749678843,-9.881675418234362,1
-1.477541074113246,-4.225848875462965,2.1831276256917245,17.85779871825161,6.243865286491802,0
-1.8701078905807784,0.18456079863614616,3.497303522412489,0.03406268839321209,-0.3451486058213471,1
0.6595806212994932,-1.284773554402503,0.4350465959938255,1.6506430860920411,-0.8474117392419612,1
-2.0398943407452963,0.23566624510409917,4.161168921404687,0.055538579081465346,-0.4807342396925458,1
0.2005036716254054,0.35769777492069776,0.04020172233526839,0.12794769818321816,0.07171971720383775,0
0.9632795386355617,0.8776938888632182,0.9279074695539407,0.7703465625478392,0.8454645643274128,0
-1.0036599001384472,0.78944861960597,1.0073331951459177,0.6232291229977716,-0.7923379227181628,1
-0.5383472992666831,-1.3256535207507323,0.28981781462773165,1.7573572570788123,0.7136619926595266,0
-1.3566354961488245,1.259106412626863,1.8404598694109673,1.585348958318088,-1.7081484527982107,1
0.3352058558166655,-2.1880583083515077,0.11236296577378314,4.787599160746062,-0.7334499578277326,1
1.090594550000811,-0.15281634251664167,1.1893964724914714,0.023352834540163545,-0.1666606702997066,1
-4.776883013296503,-2.227026470769016,22.81861132272068,4.9596469015058995,10.638244918378176,0
-2.44664617523342,-1.6792633034671418,5.986077506784324,2.819925242371378,4.10856313863772,0
-2.000755751506995,-1.147399743813656,4.003023577188321,1.3165261721036436,2.2956666367128253,0
0.5392845736938932,-1.175953200942577,0.2908278514242041,1.382865930807093,-0.6341734206542867,1
0.5618039835191897,-0.7035052718089232,0.31562371589802996,0.4949196674629469,-0.39523206412900336,1
3.676986482533893,0.345496282227195,13.520229592736973,0.11936768103281356,1.2703851595151108,0
1.586001575375393,-0.30999520154924154,2.5154009970932285,0.09609702498355488,-0.49165287801590957,1
2.011745558794695,-4.372696128424675,4.047120193330179,19.12047143154014,-8.796752016317097,1
1.9576215735060378,-2.063646598731558,3.8322822250562556,4.258637284456328,-4.039839101769256,1
0.7958426407908092,0.138924336780331,0.633365508900889,0.019299971349854828,0.11056191105337038,0
-0.05176570704987815,0.8228329675312607,0.0026796884263738047,0.6770540924563007,-0.042594530348205144,1
-2.697269821321739,-4.604560218309371,7.275264489013006,21.201974804037242,12.419741317304505,0
1.0711519510473098,0.42104628750901285,1.1473665022324582,0.17727997622512232,0.45100455234650566,0
-2.264026671858589,-0.6606771700429419,5.125816770887079,0.43649432301595037,1.495790734465273,0
-2.4389201053399354,-5.712503975530614,5.948331280231361,32.63270167045307,13.932340797755925,0
-4.548780241004312,2.573183551561545,20.691401680951248,6.621273590026886,-11.704846495820458,1
-1.0268989105855337,-4.380084177109227,1.054521372561756,19.185137398562613,4.497903669746399,0
-2.1175056957775884,-2.264135264441456,4.483830371650528,5.126308495687381,4.794319318465679,0
-0.5401129181314163,-3.3880545195074467,0.29172196433243397,11.478913427154836,1.8299320133195005,0
1.4736457412063242,1.3000308025267375,2.171631770575537,1.6900800875183133,1.9157848555805665,0
1.268955486455742,-1.0545770366608291,1.6102480266061288,1.1121327262523357,-1.3382113165609972,1
-0.8045552816860122,-1.9217004659581074,0.6473092012888585,3.692932680863607,1.546114259705066,0
-2.751612537521823,1.192335103232458,7.571371556647287,1.4216629984003564,-3.280844218981809,1
-4.858914489549218,-3.2100232662130335,23.609050016751333,10.304249369628991,15.597228559992613,0
-2.5885842379902058,-1.5586086260207404,6.700768357171334,2.42926084910626,4.03458972251286,0
-0.47924394085814526,-0.08560454943289986,0.22967475484924543,0.007328138883609795,0.04102546162560883,0
-4.589559747314221,-0.0650104954985985,21.064058674166972,0.0042263645249732956,0.29836955329332,0
0.7136740904575851,-1.6800386544417678,0.5093307073904614,2.8225298804185055,-1.1990000586423137,1
-1.0006785133521945,0.2853277975438224,1.0013574870847581,0.08141195205120852,-0.28552139626420814,1
-0.3716408151847421,1.0733861613288656,0.13811689551117964,1.1521578513323174,-0.39891410800428073,1
-3.4233340364763025,-0.11232316032349465,11.719215925297135,0.012616492345057483,0.38451969782000384,0
4.273693528562095,0.8100417567758951,18.264456376073532,0.6561676477205783,3.4618702137982136,0
-1.5519925957293124,-1.5826597568121454,2.408681017198609,2.504811905832679,2.4562762241312037,0
-0.2285076089071889,-1.536344810286557,0.0522157273284808,2.3603553760944367,0.3510664790555499,0
-1.9673532676852106,0.7559922897966356,3.870478879871676,0.5715243422319602,-1.4873039016762357,1
-1.765293496930901,-0.36050136986928527,3.1162611303065293,0.1299612376776312,0.6363907238649308,0
0.20428084702410687,-0.6083154201896307,0.04173066446088655,0.37004765044048693,-0.12426718929416324,1
-2.8413489967305012,-0.7774471826008222,8.073264121221426,0.6044241217339562,2.208998772293801,0
-4.306963224598033,-0.44115012461848513,18.54993221803989,0.19461343245090496,1.9000173632586548,0
-4.236428094607246,1.5034001093315652,17.94732300077758,2.260211888738162,-6.369046460607848,1
-1.2728699692628123,0.5361266192333505,1.6201979586511126,0.28743175185058195,-0.6824194733445302,1
1.1265107235922822,-1.8992878966380493,1.2690264103684072,3.6072945143157855,-2.1395681827517925,1
-2.1685132724450216,-4.845108728630482,4.702449812770216,23.475078592251286,10.506682584474424,0
0.7178737908896349,-0.3592423476237009,0.5153427796462552,0.12905506432618796,-0.25789066593671817,1
-5.481124723545248,0.7328228755651738,30.042728235058973,0.5370293669516102,-4.016693581239797,1
1.1200133184103955,-0.9466763597849452,1.2544298334166661,0.8961961301756751,-1.06029013118341,1
-2.0672636019525488,-2.293101157552165,4.273578799957826,5.258312918767079,4.740444558602848,0
-2.313319330427946,-4.111050978772279,5.351446324531599,16.90074015006451,9.51017369756864,0
-3.999383569773766,-1.9551544780886023,15.99506893817635,3.822629033189915,7.819412696037158,0
1.903399118531682,1.194924884362762,3.6229282044271844,1.4278454792693602,2.2744189716076533,0
-4.822572943201463,-0.525504024590254,23.25720979249882,0.2761544798605543,2.534281490532435,0
-0.5079001378032438,0.40457910366049954,0.25796254998055407,0.16368425111873322,-0.20548578250148058,1
-1.4844500366124425,-3.8088592802417014,2.2035919111986817,14.507409016683331,5.654061298006435,0
0.56753379938006,-0.450026749288747,0.32209461343876616,0.20252407507539671,-0.25540539084650027,1
-4.2031527172909415,-1.3857655131117328,17.666492764870224,1.920346057329824,5.824584081963655,0
-4.4760568201058675,-0.717041771358517,20.03508465681625,0.5141489018729598,3.209519710990082,0
-0.2207620778010776,-3.151471862152919,0.04873589499504904,9.931774897941589,0.6957254764205096,0
-2.2314611052035587,0.628796490905408,4.979418664036287,0.39538502697495487,-1.4031349125439012,1
-2.493071869830365,0.19618802217815445,6.215407348139473,0.03848974004617602,-0.48911083929001264,1
-2.0211380336361877,0.2734743520998273,4.084998951010755,0.0747882212564203,-0.5527294142529754,1
-0.801148539572221,-3.91593999320533,0.6418389824587025,15.334586030384958,3.137249606608903,0
-3.4355302248078416,0.02715161250840481,11.802867925568219,0.0007372100618065645,-0.09328018542489538,1
-0.1452368957282727,4.51619655701175,0.021093755880785155,20.39603134156479,-0.6559183684390998,1
-0.6620702931345182,1.4877423647074735,0.43833707305122677,2.213377343745385,-0.9849900235105181,1
1.6953151939841842,-0.702986844787224,2.874093606953632,0.4941905039438965,-1.191784279138782,1
-2.432503801081606,-1.9916592381275975,5.917074742276461,3.966706520819002,4.844718667204677,0
-2.3173788323067117,0.20273018329682646,5.370244652423219,0.041099527219564856,-0.46980263544172535,1
1.3468973901244659,-1.9016799732695284,1.8141325795240977,3.6163867207343943,-2.5613677928486918,1
-0.1302074390289406,-0.6239658360245679,0.016953977178475285,0.38933336452583794,0.08124499355031088,0
-2.811251245153577,-4.093251899523777,7.903133563377537,16.754711112955007,11.507159499263462,0
-3.0702443361600458,1.231154993142364,9.42640028372284,1.5157426171393744,-3.779946644630503,1
-0.5110712676095387,3.1785626287306004,0.2611938405760207,10.103260384762784,-1.6244720318416555,1
1.1166849032792578,-1.6314626836017811,1.2469851732118054,2.6616704879851256,-1.8218297490415734,1
-0.5798676453900485,-6.05418764968204,0.3362464861701991,36.65318809756255,3.510627537170637,0
0.9954751627718554,-0.14033041691929737,0.990970799695652,0.019692625912743823,-0.1396954446245799,1
2.0717913635436385,-0.31340310041388986,4.292319454054009,0.09822150334903873,-0.6493058367452967,1
-3.2389578344883097,1.8275168540104936,10.4908478535932,3.3398178516924117,-5.919250031956716,1
-3.565902123527662,-5.555725290433601,12.715657954579088,30.866083502763527,19.811172610893514,0
-1.4015215968195434,-3.1332604145026894,1.9642627863516027,9.817320825089565,4.391332139385273,0
0.2788518311876562,-1.990266775608018,0.07775834375670912,3.9611618380891365,-0.5549895349302478,1
2.2858590877470197,-1.776036035643246,5.225151769035637,3.1543039999033775,-4.059768112241304,1
-2.0891161769925373,-4.385663451714247,4.364406400971914,19.234043911702127,9.162160463821163,0
-5.570352100166611,-4.5883336762299045,31.02882251983057,21.05280592442543,25.558634129652436,0
1.2845755300098038,-3.9448729101364357,1.6501342922999684,15.56202227712831,-5.067487209359829,1
-4.977863284269555,-0.892227809493469,24.779122876878876,0.796070464033514,4.4413880540817905,0
-1.6911007428641718,-1.0855191887337323,2.8598217225157536,1.1783519091091403,1.8357223064609278,0
-2.7165065033519897,-1.3711841773616573,7.379407582753654,1.880146048246965,3.7248307350962904,0
-1.4248214108604151,-0.9039221623829883,2.030116052846264,0.8170752756471374,1.2879276507145265,0
-0.6406101012457015,-2.6968283143174205,0.41038130181802795,7.27288295690414,1.7276154594771573,0
2.373442959730544,-0.04889443999752863,5.633231483094486,0.0023906662626719272,-0.11604816438210185,1
-1.4055786906069225,-2.9241512227485353,1.975651455488271,8.550660373501755,4.110124646807518,0
-0.2579405591841315,-2.8686474621530604,0.06653333207222245,8.229138262117194,0.7399405304899002,0
0.4067723528553284,-0.462308239677266,0.1654637470474598,0.2137289084734924,-0.18805421039792658,1
-0.00011076473691007394,-0.45922734745213134,1.2268826942757896e-08,0.21088975664792056,5.086619632244644e-05,0
-3.567788431106697,-1.2014342513201888,12.729114289138789,1.4434442602453026,4.286463222595506,0
1.3690599704848614,0.7653287049361404,1.8743252027840096,0.5857280265992298,1.0477808941910896,0
1.271327990241101,1.9941847654744222,1.616274858770477,3.9767728788502765,2.5352629100600184,0
-3.1872042620043155,1.2201223091230924,10.158271007738474,1.488698449219867,-3.888779023803667,1
-4.403068581153495,-1.613345901910996,19.387012930341054,2.6028849992130048,7.103672651237055,0
1.5008725110716687,2.839666234882585,2.2526182944905764,8.063704325532237,4.261976992553657,0
-3.3130437633183387,0.9210070006599134,10.97625897766254,0.8482538952645696,-3.051336499508855,1
-0.05697033776919347,-5.293337612965746,0.003245619385535992,28.0194230848379,0.3015632317370348,0
-4.395638861596833,-1.6768811435378361,19.3216410015803,2.811930369552761,7.37096392081385,0
-3.619612817151379,-0.11218943164215855,13.101596946086543,0.012586468572190567,0.4060823047208856,0
-4.090803026079622,-0.35563182414775607,16.734669398182195,0.12647399434666048,1.4548197423938567,0
-0.8959963506322627,-0.012711052200382489,0.8028094603463326,0.00016157084804084852,0.011389056384238903,0
-0.3858139332926277,-3.6128458552823206,0.14885239112272816,13.052655174030642,1.3938862698064396,0
-5.492603213554826,-0.8120451099179835,30.1686900615528,0.6594172605417099,4.460241580286998,0
-0.09216000512714617,-3.802083911496761,0.008493466545035609,14.45584207006251,0.35040007277738144,0
-0.548538727641219,0.8121777219074449,0.30089473572224745,0.6596326519627669,-0.4455109341936536,1
-5.562818049988876,-0.604223963005291,30.944944657282043,0.3650865974698193,3.361187967641644,0
-0.5912492190132288,-0.8747612171099508,0.349575638983753,0.7652071869596825,0.5172018864393199,0
-1.7211101482192004,-0.7896504380200933,2.962220142303118,0.6235478142653251,1.3590753824221193,0
-2.353372391746419,-5.8780560987119985,5.538361614234261,34.55154349960532,13.833254939845482,0
-1.9244047523979089,1.080308319395387,3.703333651051657,1.1670660649548856,-2.078950463899481,1
1.9258762282810253,-6.555046308772072,3.7089992466579482,42.968632110146366,-12.624207861345415,1
-0.5161744375233033,0.5329525994858408,0.26643604995249853,0.28403847329871507,-0.2750965082661862,1
-0.08255241951135106,0.8398914580411072,0.006814901967178095,0.7054176612904169,-0.06933507198820979,1
0.9875640508998325,-2.730851235185734,0.9752827546296868,7.457548468715449,-2.6968905082248344,1
0.5349604522256977,-0.7412234007113438,0.28618268544552294,0.5494121297620894,-0.39652520564481003,1
-3.277127774372287,0.10747734191124914,10.739566449562258,0.01155137902430755,-0.3522169822930612,1
1.2664428095523936,-0.7746620349210098,1.6038773898669603,0.6001012683479598,-0.9810651639589382,1
0.10858847356041501,-1.4302946430832515,0.01179145659018095,2.045742766032646,-0.1553135120340489,1
2.118517454349483,-1.787218185864817,4.488116204383414,3.194148843885928,-3.7862529214854335,1
-1.126252392211403,-1.0490893765593845,1.2684444509619077,1.100588520009758,1.181539419993576,0
-3.3364999575023715,-4.193391186880781,11.132231966413327,17.584529646209408,13.991249516818545,0
-4.610917542025681,-0.07037035638375588,21.260560579360146,0.004951987057576813,0.3244719106884589,0
-1.9517494035393068,1.2708493666939327,3.80932573421604,1.6150581128263697,-2.480379493433189,1
-4.601813593043413,2.583151091618711,21.176688345119132,6.672669562130937,-11.887179806295915,1
-1.1983571935022315,-0.006703757854282677,1.4360599632185447,4.494036936885668e-05,0.00803349644817673,0
-1.9608526232649688,1.5082784878115496,3.8449430101651094,2.2749039967950946,-2.9575118294393974,1
-2.5889124631865172,-0.2813218547793921,6.70246774204248,0.07914198597651736,0.7283176560051157,0
-2.336121661642122,-1.7408612462795,5.457464417993549,3.0305978787978134,4.066863667346841,0
-0.3529424640266555,-4.096388759630749,0.12456838291320703,16.780400870029144,1.4457895424351714,0
-2.910697982662375,-1.2791544562381858,8.472162746274819,1.6362361229140088,3.7232322952860746,0
-3.489523269636965,3.254177757780708,12.176772649337854,10.589672879234675,-11.355529009310823,1
0.6285308401883225,-1.4919302015908662,0.39505101706783863,2.2258557264189625,-0.9377241431082405,1
-1.3568362119544337,0.8134817116211712,1.8410045060708569,0.6617524951421104,-1.103761444090279,1
-4.439652923332151,2.23212769725598,19.710518079651713,4.982394056857283,-9.909872256373173,1
-2.3596291781978245,0.7497790391241068,5.567849858602541,0.5621686075098689,-1.7692004979183706,1
0.8638064807643056,2.710193123546108,0.7461616362104145,7.345146766916609,2.341082384241984,0
0.20711486895155207,-2.109425702547953,0.042896568940818586,4.449676794569926,-0.43689342794625496,1
-0.5824631800688076,-2.3881932470083265,0.33926335613586817,5.703466985056173,1.3910346332713213,0
-1.4400555102035657,0.747442151747095,2.073759872467652,0.5586697702083274,-1.076358189181814,1
-1.5238644874997418,-2.6079315337359645,2.3221629762628506,6.80130688465442,3.9741342500909713,0
-0.7168139234935074,2.052742181607584,0.5138222009141559,4.2137504641510635,-1.471434177118754,1
-2.7897757298478028,2.0114181089552496,7.78284862284784,4.045802809033113,-5.611405422939719,1
-2.7994850043363266,1.7370599959020252,7.837116289503963,3.017377429363144,-4.86287341016024,1
-0.5542906348373123,-0.9269763809206049,0.3072381078683507,0.8592852107846624,0.5138143266596763,0
-4.639154927993479,-5.374631134533348,21.52175844592618,28.886659832295223,24.933746513917566,0
-3.436225943987389,-0.8730796882863089,11.807648738132023,0.7622681420981183,3.000099076057837,0
0.7801273765907244,-0.10982943505248521,0.608598723706326,0.012062504803948068,-0.08568094903993664,1
1.0381517042165376,-2.8445307518653697,1.0777589609677014,8.091355198307765,-2.9530544477453824,1
-2.390682819366049,-2.6603431923425207,5.715364342812002,7.077425901043194,6.360036763550693,0
-1.284219512602181,-1.5933673759601776,1.6492197565481832,2.538819594774222,2.046233474951795,0
-0.21415726781142375,-5.49344567439896,0.04586333535645387,30.177945377572645,1.1764613164997655,0
-3.5392454742546073,-1.932983849619801,12.52625852703172,3.7364265628909856,6.841304341574129,0
1.7392433480877592,0.35817588088130226,3.024967423867518,0.12828996164509682,0.6229550182682786,0
-0.016850394450963813,-1.2873267022765282,0.00028393579315307205,1.6572100383941613,0.021691962720617956,0
-0.30464431401434167,-5.45709151975451,0.09280815806126881,29.779847854976584,1.662471902549094,0
-3.7336939599500525,1.1801079884997971,13.940470586567503,1.3926548645210373,-4.406162068750499,1
-0.4970401998721272,-2.0243810454053692,0.24704896028892417,4.098118616996536,1.0061987594256305,0
-3.2372687131768076,0.77416450372226,10.479908721313423,0.5993306788235331,-2.5061785267521226,1
-0.6524182986065564,1.6270471575818237,0.4256496363566738,2.647282452995092,-1.0615153383021672,1
-0.8142703898633992,1.162652412092187,0.6630362678082921,1.3517606313437807,-0.9467134328699266,1
-0.8183179351742251,0.24003550116037298,0.6696442430278073,0.057617041817311414,-0.19642535567806674,1
-0.7753077888174965,1.6053162957976923,0.6011021674010758,2.577040409553624,-1.244614227647603,1
-2.024340510926871,2.6903407428914967,4.097954504179666,7.23793331286197,-5.44616575403235,1
-1.8316283473100694,1.8576057764863787,3.3548624026698164,3.450699220835562,-3.402443398339384,1
1.2154146207948777,-0.671459081225243,1.4772327004419563,0.4508572977598475,-0.8161011845866557,1
-0.42210680448448645,-1.0921199724284922,0.17817415439210446,1.1927260341772106,0.4609912716754763,0
-0.7545080858856955,-0.5615353946243322,0.5692824516668961,0.3153219994159045,0.42368299575507357,0
-1.0444865689861913,-0.12616537777669135,1.0909521927925458,0.015917702549535243,0.131778042558823,0
-3.222727946088556,-2.0198326335761765,10.385975414500162,4.079723867659273,6.50937107464759,0
-1.6317581361360909,2.321687666326591,2.662634614846329,5.390233619973013,-3.788432739095229,1
3.7442607967426316,-3.8339507225743272,14.019488914023766,14.699178143128206,-14.355311387178139,1
-4.184879970378669,-1.8520274815255418,17.513220366476574,3.430005792325841,7.750512712027091,0
0.9432657787288101,1.0547137509177684,0.8897503293208686,1.1124210963750285,0.9948753875954331,0
-1.4617013371695846,-0.8940791658470635,2.136570799083352,0.7993775548017809,1.3068767122541196,0
2.2145522238668427,-1.6803724777718485,4.904241552233579,2.8236516640531013,-3.7212726075742837,1
0.5667422244769513,0.6827793192845815,0.3211967490050831,0.46618759884271643,0.3869598702382023,0
1.4959726068800787,3.4147816658184187,2.2379340405355785,11.660733825209615,5.108419830540678,0
-2.3048305948156416,-1.5305622525922677,5.312244070798224,2.3426208090603167,3.5276867070446047,0
-0.5142769534569755,1.4510200750594135,0.26448078485698817,2.105459258225426,-0.7462261836064672,1
-2.423336255642261,-3.8323362952925124,5.872558607910254,14.686801480216339,9.287039488196092,0
0.43147351817381563,-0.06415080440271892,0.18616939688529,0.004115325705515901,-0.027679373269321433,1
-3.2633453695791212,-2.330463317782912,10.649423001153492,5.431059275531737,7.605106677060862,0
0.11862247048399643,0.40023662861957887,0.014071290503726606,0.1601893588887667,0.047477057665040234,0
0.20109674176962056,0.05176150417407288,0.040439899550357455,0.002679253314362564,0.01040906983850067,0
-1.9100854795843034,-0.3031148510050251,3.6484265393187982,0.09187861289979857,0.5789752755510581,0
2.0784447832987336,-2.868140728804057,4.31993271722172,8.226231240224667,-5.96127213554942,1
-0.7789435864477177,1.8255310084960379,0.606753110868033,3.332563462980561,-1.4219856709294227,1
1.1809275472987943,-1.9484057854103942,1.394589871969146,3.7962851046206953,-2.3009260653074777,1
-2.398415548960025,-0.9157384018510246,5.752397145493218,0.8385768206246687,2.1963212217793013,0
-2.514112184257504,-3.777527372736859,6.3207600750320365,14.269713051776234,9.497127594163974,0
-2.6001277272270604,3.732423928524928,6.760664197894958,13.930988382225456,-9.704778946323417,1
-2.608965073755298,-3.0103983012246105,6.8066987560749865,9.06249793201602,7.8540240259872895,0
-3.503237681981402,-3.592598339789355,12.272674256454426,12.90676283105723,12.585725880173893,0
-3.5225017773092127,-0.7825399426504386,12.408018771146562,0.6123687618433516,2.7564983388016193,0
-3.16362605467547,1.5037804662217438,10.00852981382148,2.261355690590085,-4.7573990634511345,1
-3.0058271008241104,0.9015103351257552,9.034996560048677,0.8127208843385514,-2.709784196994021,1
-0.3078078692831352,0.6881006933798148,0.09474568439262364,0.47348256422978197,-0.21180280828148873,1
2.0841264450995105,1.901651625261811,4.343583039163123,3.6162789038608874,3.9632824415746044,0
-3.595820477798455,-1.4936828678601897,12.929924908554709,2.231088509739041,5.3710154435883934,0
2.7732135167474765,-0.8095306361035326,7.690713209470906,0.6553398507901901,-2.2450013022634994,1
-1.6237757189721191,-1.177304270349669,2.6366475855234226,1.3860453449835666,1.9116780880359798,0
-0.4845002815014523,-2.772392352916386,0.23474052277498653,7.686159358509254,1.3432248754204625,0
-5.3915963821412625,-1.3168789420787053,29.06931154791875,1.73417014809033,7.10007973982956,0
-1.4695923684480736,-0.7100282099847988,2.1597017294008185,0.5041400589742175,1.0434520387765065,0
-1.630928694331963,-2.7519336627698143,2.6599284059953616,7.573138884285687,4.48820757550935,0
-0.8862358457233493,1.8199341016149333,0.7854139742449803,3.3121601342209543,-1.6128908377054745,1
-5.611146266002555,-2.1020105171577255,31.484962418474414,4.418448214241688,11.79468846444767,0
0.23478141304535827,-1.794523734412497,0.05512231191157513,3.2203154333697737,-0.42132081810879923,1
-1.1648630979558403,1.1378262637279835,1.3569060369792776,1.2946486064291827,-1.3254118265016979,1
3.0439531100538453,-1.5081723768665465,9.265650536206477,2.2745839183432883,-4.590805997060224,1
-0.9207725950446378,-2.2580342559251427,0.8478221717852366,5.098718700931413,2.0791360615278816,0
1.0012349897823833,-0.7707589243108384,1.0024715047645292,0.5940693194048007,-0.771710803707043,1
-0.44530722998625116,-3.0251540924201366,0.19829852907802797,9.1515572828863,1.3471229891771828,0
0.36221211261684494,-1.6985708515606928,0.13119761452635795,2.885142937771617,-0.6152429365731918,1
2.5818381596122726,0.7858803236717089,6.665888282430087,0.61760788313435,2.029015808544062,0
-2.886997508353371,-2.335929718778887,8.334754613238573,5.456567651074411,6.743823277803238,0
-0.6283669698743817,-2.3443032865874627,0.3948450488291121,5.495757899504779,1.473082752659518,0
-1.8686840076576239,-3.8938755281177513,3.4919799204753583,15.162266628474297,7.2764229272030265,0
-2.9659267617612617,1.8771148929768966,8.796721556131644,3.523560321435666,-5.567385295980804,1
1.1810863850013722,-0.8506882383921831,1.3949650488356096,0.7236704789387958,-1.004736296245809,1
-3.3770046694760056,1.5607584361295865,11.404160537662746,2.4359668959496728,-5.270688526733682,1
-0.4533638616877952,0.8217107198936409,0.2055387910844703,0.6752085071881255,-0.3725339451612392,1
-2.0447158234953795,-0.9586731818307177,4.180862798852388,0.9190542695614323,1.9602142244499317,0
-3.230864549409694,-0.853832846355237,10.438485736632305,0.7290305295150858,2.7586182744107095,0
-0.7024679017986213,1.8440344794729655,0.49346115305735744,3.400463161485131,-1.2953750316396868,1
-0.7522532155710182,-0.5912913584597694,0.5658849003369368,0.34962547058919957,0.4448008257407171,0
-3.5829133778881768,-2.666710851378475,12.837268273450064,7.111346764859711,9.554593984363507,0
-0.4685149383174756,-0.8662732737808236,0.21950624742662797,0.7504293848669459,0.4058619694315002,0
-2.87513575283142,-0.8559361442819335,8.266405597209497,0.732626683088223,2.46093261056566,0
-5.487472605715291,-0.5596703841791525,30.112355598475762,0.31323093892724013,3.071175901413252,0
1.374759723084198,-1.5385248310680735,1.8899642962145404,2.367058655813044,-2.115101970717307,1
-1.0651155138672936,3.126333081607113,1.134471057880789,9.773958537151026,-3.3299058667362798,1
-0.7390478224766315,3.008375928574682,0.5461916839074505,9.05032572762758,-2.223333679204233,1
-1.8603025947836596,-0.6397611040661233,3.460725744158817,0.40929427027590504,1.1901492419358681,0
2.9577073175560726,1.537138045728455,8.74803257632474,2.3627933716258935,4.5464044459448925,0
-3.134945527738827,-0.6284278945722339,9.827883461889673,0.3949216186764907,1.9700872175955517,0
-0.4935408391259637,-1.1508443752178474,0.24358255988516037,1.3244427759705577,0.5679886986484118,0
-0.44049224798287956,-3.9700132161616803,0.19403342053301065,15.76100493649841,1.7487600461088002,0
-2.5308092509804068,-3.5286601650500637,6.404995464848008,12.451442560411143,8.93036578927475,0
1.1771069973738477,-2.553245066481904,1.3855808832664755,6.519060369514182,-3.005442633766104,1
-1.9272494152631339,-5.5112153232050565,3.7142903086320915,30.373494338730215,10.621486509036169,0
-1.6215315373557098,3.8513991648360433,2.6293645266391716,14.833275526899772,-6.2451652087270855,1
-1.3081002883798658,-1.3971921002500234,1.711126364459488,1.9521457650010714,1.827667389259126,0
-1.0156987877595116,3.060772907748998,1.0316440274561414,9.368330792810255,-3.1088233320078125,1
-1.6952878783498666,-1.470035125213792,2.874000990479992,2.161003269362329,2.49213272852347,0
-1.6490497350256166,-0.2059824258861348,2.719365028588056,0.042428759773937015,0.3396752648274643,0
-5.888031332595842,-0.5420032756237715,34.66891297363037,0.293767550786898,3.1913322692423467,0
-1.543377104211185,-0.8114060948499577,2.382012885803303,0.6583798507596587,1.252305589008834,0
0.856249529824155,-2.9344399202020868,0.7331632573240866,8.61093764527563,-2.512612801970268,1
1.6510552841465307,-4.578624016813281,2.725983551308181,20.963797887339386,-7.559561377079781,1
-1.6883329828952314,-2.1121037028684087,2.8504682611319097,4.4609820516704435,3.565934344847884,0
-0.8421110243362295,0.70526539064354,0.7091509773086138,0.49739927123958505,-0.5939117605437225,1
-3.236497560002373,0.7950989045998667,10.474916455901313,0.6321822680959078,-2.573335664698028,1
1.6416779047669485,2.3529679303475226,2.695106342999998,5.536458081243904,3.8628154618767443,0
2.123894743989722,-0.4900255545685376,4.510928883547166,0.2401250441302028,-1.0407626997687656,1
-2.721853431848122,-1.8147510087819385,7.4084861044634,3.2933212238750635,4.939486261202961,0
4.079928006138952,-3.709826933606094,16.645812535276967,13.762815877309192,-15.135826804348094,1
-2.626427664951002,0.06456681682719001,6.898122279219972,0.004168873835195907,-0.1695800739527557,1
-3.272931209805146,1.0058981583512612,10.712078704116577,1.0118311049744588,-3.2922354763533614,1
-1.13598906152081,-2.3772985559330824,1.2904711478949304,5.651548424041518,2.700585155509199,0
-6.008249691262127,0.1652918082768975,36.099064352551444,0.027321381883446638,-0.993114456047828,1
0.12318444713409016,-3.283980758028464,0.015174408015731453,10.784529619101205,-0.40453535407672664,1
-2.0297561374666078,-0.445664262370567,4.1199099775833625,0.19861663475430158,0.9045897717961869,0
-0.8046154855706442,2.0062061524881836,0.6474060796200836,4.024863126281441,-1.6142245375390938,1
2.11935284774801,-0.9176974890021269,4.4916564932576,0.8421686813208088,-1.9449247866878558,1
1.6842500394635946,-0.10699962066903279,2.83669819543312,0.01144891882331691,-0.18021411533440815,1
-2.84604195463194,-4.546969651039273,8.099954807525195,20.67493300747221,12.940866393295924,0
0.6454484817382573,-5.552081977541488,0.41660374257822147,30.825614285341,-3.5835828828904948,1
-0.28455300696357333,-3.3301188936684416,0.08097041377201142,11.089691845967526,0.9475953447395632,0
1.9728199189933435,-0.1587204268712087,3.8920184327769025,0.025192173906178703,-0.31312681968264683,1
-2.3011317666149433,-4.625272657904066,5.29520740732441,21.393147159954946,10.643361842358578,0
0.0889369122778938,-1.8176449771594174,0.007909774365525776,3.303833262992859,-0.1616557318859814,1
-1.618344540347565,-1.245311283502696,2.6190390512727713,1.5508001928191322,2.0153427166898066,0
-1.945632253498586,-2.01095374025733,3.7854848658539857,4.043934945454945,3.912576457338279,0
0.048039297911248724,-5.179527183916406,0.002307774143805706,26.827501848929014,-0.24882084942757138,1
2.3618457140767255,-1.4003804004817815,5.578315177102597,1.9610652660535146,-3.307482446954944,1
-3.302070755338087,-4.315864070109963,10.903671273259043,18.62668267166613,14.251288529924514,0
-3.2437684691529904,-4.013977546399741,10.522033881471135,16.112015743001287,13.020413800899565,0
-0.7400788514603185,0.5093598711056189,0.5477167063788242,0.2594474782927327,-0.3769664683878223,1
-2.857763479552297,-1.3053218723980171,8.166812105062851,1.7038651905606652,3.7303011759998768,0
-1.3771681537111078,-2.130477082311602,1.8965921235960614,4.538932598254957,2.9340251899708965,0
-0.31730071919578573,-2.1390877263343926,0.10067974640216287,4.575696300954442,0.6787340739887808,0
0.36347583622772683,1.6732956588352912,0.1321146835214453,2.7999183618770314,0.6082025388513825,0
-0.8060386905867172,-0.8125715664955313,0.6496983707227496,0.6602725506770016,0.6549641214660556,0
1.1306802234057955,1.5764160855997797,1.2784377676009797,2.485087674937732,1.7824224918464486,0
3.307943293445205,-2.061742881912831,10.94248883264911,4.250783711118226,-6.820128539031938,1
-4.563149169436469,-1.121283902455424,20.82233034252874,1.2572775899056647,5.116585708191951,0
-1.7431817643392629,-0.4336213399584218,3.0386826635249453,0.1880274664673372,0.755880812443877,0
-4.518555113542573,0.3350287996975856,20.417340314121734,0.11224429662680492,-1.5138460960575557,1
-2.228884913640869,-1.80284464817163,4.967927958255864,3.2502488254410884,4.018333237947926,0
-0.9031422228670439,-2.425054588788127,0.8156658747252252,5.880889758602351,2.1901691918920343,0
-3.4858859860786326,2.049220500849006,12.151401107939401,4.19930466109985,-7.143349026294587,1
-1.5186683755162436,-4.6675525754397365,2.306353634793146,21.786047044494115,7.088464487379723,0
-2.5495359140204616,-0.2691695617687534,6.500133376880151,0.07245225298278275,0.6862574646905858,0
1.9993587937173003,-4.370927798429692,3.997435586014698,19.105009819085435,-8.739052930493804,1
-2.450720425918901,-3.5491794316798573,6.00603060601612,12.596674638259355,8.698046528469064,0
-2.3465332926297706,0.7481567614609639,5.5062184934199125,0.5597385397197576,-1.7555747488742215,1
-1.850555230870611,0.5436809340180595,3.4245546625025804,0.29558895801474955,-1.0061115963717395,1
-1.798308371249656,1.3527571253617108,3.2339129981065904,1.8299518402168793,-2.4326744628055845,1
-0.9209659668199305,0.7810012161467699,0.8481783120405693,0.6099628996227335,-0.7192755401161515,1
-5.105605662725063,-3.688966545513525,26.06720918325023,13.608474173917992,18.834408484377168,0
-0.5520927507093996,-2.4676026131882978,0.3048064053858712,6.089062656613716,1.3623455143728298,0
-2.928677989662917,2.009550683686621,8.577154767136024,4.038293950305366,-5.885326856425073,1
0.876358933079515,0.9309374477026244,0.7680049795882657,0.8666445315350766,0.8158353484324387,0
-0.10283484862913883,-2.19180858429939,0.010575006092577896,4.804024870208497,0.22539430399047486,0
-6.587355214298266,0.6042245751846937,43.39324871934255,0.3650873372571236,-3.980241905950047,1
0.8683909928274582,-4.612768689986568,0.7541029164238586,21.2776349873204,-4.00568678238085,1
0.1493525169052039,-0.18312408231765787,0.02230617430591922,0.033534429524684335,-0.02735004260009795,1
0.2240393411617556,-0.14343778405645524,0.050193626388193524,0.020574397895026287,-0.032135706637710405,1
2.1406891552921343,-0.7341099633043777,4.582550059585351,0.5389174382227548,-1.571501237237588,1
-0.7733904812702724,0.1192016251569683,0.5981328365194636,0.01420902744006238,-0.09218940224834633,1
-0.6315117701281457,-1.2268268141256369,0.39880711581038397,1.50510403185766,0.7747555730291545,0
-1.3193419317237711,-2.818130443424627,1.740663132804612,7.941859196156684,3.718077663077415,0
-2.0337830323954913,-0.6779633086066641,4.1362734228598,0.4596342478168949,1.3788302736309417,0
-0.9056803431178686,-0.6485726587671168,0.8202568839101002,0.4206464937002469,0.5873995081290706,0
-0.523514406456302,-2.1697414650014526,0.27406733376729414,4.707778024946649,1.1358909152138625,0
0.9733517994830343,-0.7938239804878933,0.947413725556861,0.6301565119976431,-0.772669999880676,1
-2.7576782033097773,-2.5853950255210947,7.604789073009841,6.684267437989222,7.129687508825048,0
3.084255729912864,1.4864196392477935,9.512633407500335,2.209443343941541,4.58449828940502,0
-1.504439623153169,-2.323761061898712,2.263338579713249,5.39986547279663,3.495958216260906,0
-1.6037174906455,0.9171863119966719,2.5719097898023,0.8412307309140563,-1.4709077307297034,1
-1.6378023584919439,0.3636091832984736,2.682396565481774,0.13221163817898296,-0.5955199779755695,1
-2.7828382271320495,0.7126088662171288,7.744188598387448,0.5078113962112618,-1.9830751939022546,1
-2.4467394204877895,-6.542813064614948,5.986533791768924,42.80840279849605,16.008558646075915,0
-2.2215902067775675,-4.667766318447229,4.935463046849995,21.788042403630396,10.369863940588544,0
0.6051557383236894,-1.2087707419812714,0.36621346762608964,1.4611267066699536,-0.7314945508277502,1
-1.0340838648282167,-4.0887441997974765,1.0693294394980615,16.717829131377506,4.228104404420528,0
-0.6468973557505904,0.04063762769615664,0.41847618887710586,0.0016514167847714375,-0.026288373900620686,1
-2.3419565352826255,-1.0277606000850412,5.4847604131529994,1.056291851087164,2.406970654075155,0
-0.811355374368072,2.471106031770213,0.6582975435159544,6.106365020251128,-2.004945159510122,1
-1.736906971311133,-0.9031292866898626,3.0168458269892127,0.81564250847694,1.568651554046873,0
-2.3061914979684914,-0.7606344251758688,5.318519225302154,0.5785647287626243,1.7541686444027391,0
1.2572236380709039,-1.2948345816914866,1.580611276124239,1.676596593944167,-1.6278966434941877,1
-4.030352316543455,-5.688792892560312,16.243739795467196,32.362364574444726,22.927839612866396,0
-0.12543394099591454,0.5435450393013852,0.01573367355376657,0.2954412097491444,-0.068178996388352,1
-0.389541904650328,-1.6845706970437206,0.15174289547860523,2.8377784333383667,0.6562108778445416,0
-0.22642221443383226,-1.1372697580902427,0.051267019189120314,1.293382502666639,0.25750313703542144,0
0.0021404156579918343,-3.816540136142344,4.581379188976617e-06,14.565978610785422,-0.00816898226675336,1
0.0113972980423942,-1.8708750119886635,0.00012989840266716264,3.5001733104835817,-0.021322920111702618,1
-2.3153714985500278,-1.1293139383744926,5.360945176297801,1.2753499714069072,2.6147813058275826,0
0.7127282872901539,-1.8529862914237711,0.5079816115035561,3.433558196204421,-1.3206757458585985,1
-0.21620235415840128,-0.8708103951980486,0.04674345794363478,0.7583107443849816,0.18827125746742587,0
0.8031170230340856,0.1264493239555573,0.644996952687132,0.015989431528817478,0.10155360461985986,0
-0.11186038034045642,-1.4786097621423806,0.01251274468991157,2.1862868287027473,0.1653978503683585,0
-3.1433578489745315,0.46936357731434075,9.880698566709794,0.22030216770931513,-1.4753776847737974,1
-3.767835890800211,-5.211416770284979,14.196587300002221,27.158864753607517,19.635763148997864,0
-2.7639080468709656,-1.058229158136496,7.639187691558075,1.119848951130277,2.924848085606949,0
0.29897741651824417,-1.3683739406035849,0.08938749558792367,1.8724472413229831,-0.4091129055925491,1
0.8526182424486879,-3.5734594808237947,0.7269578673562895,12.769612661089464,-3.0467967420015847,1
-7.273240485589493,-0.42007923454388785,52.90002716121809,0.17646656329497873,3.0553372958400495,0
-3.2605076200758942,-0.05441025616870154,10.630909940572971,0.0029604759763437244,0.1774050548483328,0
-2.4994950437443944,2.350248570734532,6.247475473702792,5.523668344239711,-5.87443465411831,1
1.1123519647306925,0.1766298668800792,1.237326893440232,0.0311981098740745,0.19647457945417676,0
-1.929411380015746,0.549319897364372,3.7226282733342653,0.3017523496404042,-1.059864061243901,1
-2.5355018702875114,-0.43367660229652905,6.4287697342314685,0.18807539537946183,1.0995878362227827,0
3.477458570541261,-1.3053751781302427,12.09271810983087,1.704004355678563,-4.539388100960838,1
0.020097789628323426,3.6916950576964114,0.00040392114794434467,13.62861239902011,0.07419491064150378,0
-0.9293399187883229,-1.406886025485746,0.8636726846534866,1.9793282887070793,1.3074753446693497,0
-2.6954383393159276,-3.827234566064264,7.265387841054205,14.647724423677117,10.316074782924774,0
-0.13092509218768578,2.8188913105628206,0.01714137976435402,7.946148220766577,-0.36906360470250366,1
-2.0283703835493916,-0.8092454498502901,4.114286412860306,0.6548781981033984,1.6414495034984329,0
-0.5789909316705766,-2.0938223940955867,0.33523049895676227,4.384092218016174,1.212304178710121,0
-3.210793226999791,-3.677381401554498,10.309193146547733,13.523133972498925,11.807311297206182,0
-0.723223295400051,1.8424402749853264,0.5230519350093095,3.394586166888005,-1.3324957272526639,1
-1.258086426007192,-1.9711256606783798,1.5827814553035497,3.8853363701847794,2.479846437653928,0
-5.023659528123733,-2.197077200722071,25.237155054508364,4.827148225932732,11.037367813430851,0
1.2437094503021617,-6.690333071226937,1.5468131967709053,44.760556603952864,-8.320830466354028,1
-1.2329845695974857,-1.5828738605069756,1.5202509488654972,2.5054896582762565,1.951659045624304,0
0.7039057585821185,-4.479289060732404,0.49548331696506764,20.064030489596977,-3.1529973642034275,1
-0.9010520190257207,0.9363261967625494,0.8118947409903278,0.8767067467438203,-0.8436786100595693,1
0.8498283693873812,0.036628738997368515,0.7222082574156151,0.001341664520537345,0.031128141534849663,0
-2.2980929292050343,-2.19119744040026,5.281231111262175,4.801346222816651,5.035575344276007,0
0.5829491232708317,0.4647856191734103,0.3398296803222313,0.2160256717904104,0.2709463692060302,0
-1.654362532096758,-0.9388786226609306,2.736915387605597,0.8814930680896861,1.553245615516854,0
-2.8359368376650207,-0.2971283185120711,8.042537747225477,0.08828523766181078,0.842637143981848,0
0.9351803135130206,-1.0698744969681675,0.8745622187823114,1.1446314392628893,-1.0005255674942761,1
-1.6765617283587095,-2.240455778630159,2.8108592289971432,5.019642095997272,3.7562624125314374,0
-0.49418004478187016,-1.250383449438793,0.2442139166606112,1.5634587706304548,0.6179145490381721,0
-2.8337209876557887,0.9920999237108601,8.0299746358809,0.9842622586270944,-2.811334375671171,1
-3.89551827133534,4.42616885123148,15.175062602307476,19.590970699611795,-17.242221631987583,1
4.280360597608165,-3.262721120524829,18.321486845556525,10.645349110318797,-13.965622925278439,1
-1.8384992615258966,0.31480543235617997,3.380079534631267,0.0991024602409614,-0.5787695549111774,1
-1.2935968367091981,-1.2039833689438164,1.6733927759440437,1.4495759526933019,1.5574690775162043,0
-1.2116931850557973,1.662079289006137,1.4682003747106624,2.762507562943146,-2.0139301475111213,1
3.667293060440394,1.894875460753727,13.449038391154271,3.5905530117666493,6.949063627620937,0
-0.6544819257244135,-1.323922367242995,0.4283465910999368,1.7527704344862955,0.8664832604228195,0
-4.064592325665205,0.3105107388482582,16.52091077385648,0.0964169189400912,-1.2620995661592629,1
-2.8772447887107595,-1.24011658081221,8.278537574163224,1.5378891340053669,3.568118969535737,0
-2.909096782477034,-2.4863049049983506,8.462844089818233,6.181712080618857,7.23290159938757,0
-2.4726498331453013,0.10813357626387998,6.113997197353486,0.011692870315616348,-0.26737646930628756,1
-0.28604203069019263,-1.3023611973414853,0.08182004332136911,1.6961446883407472,0.3725300415796691,0
-1.6949292803088123,2.059128818452152,2.8727852652481483,4.240011490980156,-3.4900777263222413,1
-1.1030453563165574,-2.778061969105589,1.2167090580915212,7.717628304190821,3.0643283545815514,0
-1.7748918498775037,-4.857534058854087,3.1502410787615873,23.59563713292746,8.62159761156251,0
-1.713160973858534,1.6948301168896664,2.934920522351921,2.8724491251162405,-2.903516813575474,1
0.20665169901955616,0.09503145549357184,0.04270492470766923,0.009030977533226726,0.019638411738047954,0
1.1990120019334434,-4.4705533799099655,1.4376297807804437,19.985847522624415,-5.360247157796169,1
0.5038481725458197,-1.7200714396861088,0.2538629809777621,2.958645757623843,-0.866654851534103,1
-2.127501113028969,-0.6997161403963347,4.526260985939501,0.48960267713114314,1.4886468674975364,0
-3.7636176960820347,-2.3116225060482023,14.164818162261843,5.343598610468571,8.700063370424514,0
-1.8021248962744814,2.0801993561741026,3.24765414177231,4.32722936142715,-3.7487790489754973,1
-0.8277715197646113,-0.06244620158979708,0.6852056889334143,0.0038995280929935753,0.051691187193513614,0
-1.394301803217991,-4.676913541537623,1.9440775184569414,21.873520275017988,6.521028984460548,0
1.185838506849469,-1.1796304793948778,1.406212964326978,1.3915280679173891,-1.3988512463197451,1
-4.343473604793145,-5.937721738220194,18.865762955534755,35.25653944053264,25.790337642565884,0
3.187937932414332,-0.18222512841804883,10.162948260926168,0.03320599742697439,-0.5809223991229707,1
-1.029940269675279,2.075072518490383,1.0607769590987866,4.305925956994021,-2.137200749289746,1
0.9583278629097676,-3.8556163978874807,0.9183922928292023,14.865777807658832,-3.6949446227873652,1
0.6837079188082034,-0.21214516340840106,0.4674565182410448,0.04500557035757719,-0.1450453281591841,1
-0.8807753608200786,-4.102568493104165,0.7757652362277396,16.831068240610982,3.613441244802907,0
1.221024088083781,-1.540141651648824,1.490899823680829,2.3720363071435675,-1.8805500557243537,1
-4.6043618857002855,0.8799597364664316,21.20014837448949,0.7743291378020717,-4.051653071536905,1
-3.299290703973759,-0.8469937443949758,10.885319149327662,0.7173984030442215,2.7944785872062696,0
0.6552292008075111,-2.506602965610876,0.42932530559084975,6.283058427209239,-1.6423994578989516,1
-4.7051649972426715,2.5345587858710488,22.13857765127763,6.423988239036125,-11.925517282734342,1
-1.777780484700557,1.1338627505099157,3.160503451782147,1.2856447369939112,-2.0157590701854247,1
-1.4353213817577477,2.9142293730662776,2.0601474689309702,8.492732838842269,-4.182855730508504,1
-3.5748393850646534,-0.8935103771630263,12.779476629009428,0.7983607940980135,3.1941560872463595,0
-1.1292263013757835,-5.353322578245511,1.2751520397188318,28.658062626753168,6.045112655103652,0
-3.1630500325258843,-1.4751419878549477,10.004885508261998,2.1760438843326466,4.6659479126648895,0
-2.760545948456345,-1.2566296622796718,7.620613933538742,1.5791181081211219,3.468983922916213,0
1.1558371544234571,-0.5091835330507147,1.3359595275457148,0.2592678703300083,-0.5885332459206205,1
0.6521120412013677,-2.002668954033642,0.42525011427981424,4.010682939450202,-1.3059645394654864,1
-0.6323379021244662,-3.6881866544849338,0.39985122246317095,13.602720798320767,2.3321802117404564,0
-2.039501286268268,-2.0955840664918006,4.159565496689921,4.3914725797343115,4.273946399093315,0
-2.4689368457414864,0.6681944484642774,6.095649148259921,0.44648382095847994,-1.6497298939333653,1
0.8600992730196724,-0.7535486867253317,0.7397707594489689,0.5678356232654721,-0.6481266776373866,1
-5.781961541204199,-3.3057541822650918,33.431079263964435,10.928010713563145,19.113743546531694,0
-0.7931742696017586,3.2482549885422314,0.6291254219582832,10.551160470589492,-2.5764322780172533,1
-0.31763887292429893,1.6540550130897893,0.10089445359261892,2.7358979863274633,-0.5253921701126272,1
-1.5859235639322669,-2.5676342825212823,2.515153550635623,6.59274580877858,4.072071712210821,0
0.7063587901447979,-2.628377765034915,0.49894274041482256,6.908369675729935,-1.8565777381535502,1
-2.029527928027983,-0.021617780980969892,4.118983610645558,0.0004673284545411836,0.04387389024287057,0
-2.4190079174982118,-0.18866587402057577,5.851599304919035,0.03559481201994777,0.456384243017493,0
-1.6452870809358244,-3.4448999381942715,2.706969578694326,11.867335584170895,5.667849363427655,0
-1.0019755771776226,-0.2525099039703772,1.00395505726043,0.06376125160312912,0.25300875677378476,0
-0.060881645131464546,-0.1922977418541829,0.003706574713913581,0.03697842152221797,0.011707402879148341,0
-1.7218092194701353,-0.7385953420205337,2.964626988252357,0.5455230792544291,1.2717202693486527,0
0.07967299448937992,-1.7041597490978477,0.006347786050904763,2.9041604504452394,-0.1357755102988959,1
-0.9929719759671334,0.4257087098270518,0.9859933450560733,0.18122790562261298,-0.4227168187833866,1
-0.818119753323076,-3.4766438140209153,0.6693199307774107,12.087052209569897,2.844310979518989,0
-2.100534640648733,0.6339899825828912,4.412245776565301,0.4019432980154547,-1.3317179202396496,1
0.8217704609253973,-0.9175544526637749,0.67530669044954,0.8419061736031195,-0.7540191454896609,1
-3.5728018563063664,-2.0871127161755165,12.764913104426217,4.3560394900215424,7.456840186672508,0
-2.5789570142156517,-0.9201024235366486,6.651019281172109,0.8465884697980143,2.3729045989766604,0
-2.4155252784361236,-4.125466927999485,5.8347623707639125,17.019477374017505,9.965169649934975,0
0.8118983399831576,4.743954830377101,0.6591789144674071,22.505107432658228,3.8516090517382504,0
-1.5539823373150603,-3.442362296234027,2.4148611046871777,11.849858178533601,5.349370206986991,0
0.9206440200526815,0.5144293053162858,0.8475854116587622,0.2646375101681964,0.4736062636792937,0
-0.8953778653590776,-2.1612748892194236,0.8017015217749784,4.671109146770432,1.9351576967634643,0
0.17178972424003147,-3.850532146148094,0.029511709354466058,14.826597808519846,-0.6614818555641576,1
-2.781531232936305,-2.2112649735425474,7.7369159998001615,4.889692783216122,6.150702588206668,0
-3.538699172022711,-3.972636597964802,12.52239183007422,15.781841539489358,14.057965839965165,0
-2.5370728593441436,-1.2353697236805194,6.4367386936206685,1.526138354186483,3.13422299720532,0
